id_registro_clima;data;ano_mes;id_talhao;id_fazenda;chuva_acumulada_mm;dias_sem_chuva;temperatura_media_c;umidade_solo_percentual;deficit_hidrico_mm;risco_climatico;janela_operacional
CLIMA_20250131_TALHAO_01;2025-01-31;2025-01;TALHAO_01;FZ001;179,96;2;25,99;95;12,88;Baixo;Favorável
CLIMA_20250131_TALHAO_02;2025-01-31;2025-01;TALHAO_02;FZ001;120,60;8;28,55;73,80;41,34;Médio;Atenção
CLIMA_20250131_TALHAO_03;2025-01-31;2025-01;TALHAO_03;FZ001;161,21;8;25,40;89,29;31,30;Baixo;Favorável
CLIMA_20250131_TALHAO_04;2025-01-31;2025-01;TALHAO_04;FZ001;142,09;10;26,44;69,41;31,64;Baixo;Favorável
CLIMA_20250131_TALHAO_05;2025-01-31;2025-01;TALHAO_05;FZ001;160,29;7;28,86;77,87;34,12;Baixo;Favorável
CLIMA_20250131_TALHAO_06;2025-01-31;2025-01;TALHAO_06;FZ001;170,19;6;26,95;92,98;22,91;Baixo;Favorável
CLIMA_20250131_TALHAO_07;2025-01-31;2025-01;TALHAO_07;FZ001;169,29;8;27,31;85,49;21,71;Baixo;Favorável
CLIMA_20250131_TALHAO_08;2025-01-31;2025-01;TALHAO_08;FZ001;177,74;6;26,62;95;15,10;Baixo;Favorável
CLIMA_20250131_TALHAO_09;2025-01-31;2025-01;TALHAO_09;FZ001;161,59;3;25,36;84,83;20,63;Baixo;Favorável
CLIMA_20250131_TALHAO_10;2025-01-31;2025-01;TALHAO_10;FZ001;153,35;7;29,23;74,34;33,34;Baixo;Favorável
CLIMA_20250131_TALHAO_11;2025-01-31;2025-01;TALHAO_11;FZ001;158,98;7;26,60;77,51;18,63;Baixo;Favorável
CLIMA_20250131_TALHAO_12;2025-01-31;2025-01;TALHAO_12;FZ001;145,14;10;26,90;79,67;44,38;Médio;Atenção
CLIMA_20250131_TALHAO_13;2025-01-31;2025-01;TALHAO_13;FZ001;152,47;8;27,26;77,33;27,90;Baixo;Favorável
CLIMA_20250131_TALHAO_14;2025-01-31;2025-01;TALHAO_14;FZ002;149,93;4;25,55;88,73;17,64;Baixo;Favorável
CLIMA_20250131_TALHAO_15;2025-01-31;2025-01;TALHAO_15;FZ002;61,05;19;28,13;37,37;80,32;Alto;Desfavorável
CLIMA_20250131_TALHAO_16;2025-01-31;2025-01;TALHAO_16;FZ002;90,47;18;26,32;44,38;82,48;Alto;Desfavorável
CLIMA_20250131_TALHAO_17;2025-01-31;2025-01;TALHAO_17;FZ002;120,33;12;24,02;65,52;57,23;Médio;Atenção
CLIMA_20250131_TALHAO_18;2025-01-31;2025-01;TALHAO_18;FZ002;142,49;7;25,64;75,87;30,38;Baixo;Favorável
CLIMA_20250131_TALHAO_19;2025-01-31;2025-01;TALHAO_19;FZ002;93,52;19;25,66;47,52;73,02;Alto;Desfavorável
CLIMA_20250131_TALHAO_20;2025-01-31;2025-01;TALHAO_20;FZ002;63,65;21;25,77;34,90;81,69;Alto;Desfavorável
CLIMA_20250131_TALHAO_21;2025-01-31;2025-01;TALHAO_21;FZ002;98,49;14;26,13;54,53;56,74;Médio;Atenção
CLIMA_20250131_TALHAO_22;2025-01-31;2025-01;TALHAO_22;FZ002;90,92;14;26,38;50,84;55,54;Médio;Atenção
CLIMA_20250131_TALHAO_23;2025-01-31;2025-01;TALHAO_23;FZ003;147,45;5;29,14;78,21;30,04;Baixo;Favorável
CLIMA_20250131_TALHAO_24;2025-01-31;2025-01;TALHAO_24;FZ003;149,76;9;27,77;76,52;42,65;Médio;Atenção
CLIMA_20250131_TALHAO_25;2025-01-31;2025-01;TALHAO_25;FZ003;157,16;6;26,15;88,95;31,02;Baixo;Favorável
CLIMA_20250131_TALHAO_26;2025-01-31;2025-01;TALHAO_26;FZ003;129,06;6;26,20;67,45;46,57;Médio;Atenção
CLIMA_20250131_TALHAO_27;2025-01-31;2025-01;TALHAO_27;FZ003;125,11;8;30,78;71,03;40,61;Médio;Atenção
CLIMA_20250131_TALHAO_28;2025-01-31;2025-01;TALHAO_28;FZ003;30,91;26;29,72;12;101,40;Alto;Desfavorável
CLIMA_20250131_TALHAO_29;2025-01-31;2025-01;TALHAO_29;FZ003;127,47;10;26,45;70,64;33,48;Baixo;Favorável
CLIMA_20250131_TALHAO_30;2025-01-31;2025-01;TALHAO_30;FZ004;76,80;17;22,13;38,00;80,49;Alto;Desfavorável
CLIMA_20250131_TALHAO_31;2025-01-31;2025-01;TALHAO_31;FZ004;190,87;0;25,01;95;4,66;Baixo;Favorável
CLIMA_20250131_TALHAO_32;2025-01-31;2025-01;TALHAO_32;FZ004;195,23;4;20,99;95;7,22;Baixo;Favorável
CLIMA_20250131_TALHAO_33;2025-01-31;2025-01;TALHAO_33;FZ004;231,34;0;21,02;95;0;Baixo;Favorável
CLIMA_20250131_TALHAO_34;2025-01-31;2025-01;TALHAO_34;FZ005;125,33;14;25,83;60,29;43,23;Médio;Atenção
CLIMA_20250131_TALHAO_35;2025-01-31;2025-01;TALHAO_35;FZ005;136,10;9;25,56;71,55;39,39;Médio;Atenção
CLIMA_20250131_TALHAO_36;2025-01-31;2025-01;TALHAO_36;FZ005;67,78;15;26,13;46,14;84,37;Alto;Desfavorável
CLIMA_20250131_TALHAO_37;2025-01-31;2025-01;TALHAO_37;FZ005;102,58;14;27,55;59,00;53,12;Médio;Atenção
CLIMA_20250131_TALHAO_38;2025-01-31;2025-01;TALHAO_38;FZ005;107,12;14;28,59;58,56;62,86;Médio;Atenção
CLIMA_20250131_TALHAO_39;2025-01-31;2025-01;TALHAO_39;FZ005;119,37;8;26,85;69,79;40,74;Médio;Atenção
CLIMA_20250131_TALHAO_40;2025-01-31;2025-01;TALHAO_40;FZ005;125,18;15;28,49;56,77;50,19;Médio;Atenção
CLIMA_20250228_TALHAO_01;2025-02-28;2025-02;TALHAO_01;FZ001;156,12;5;27,49;86,89;31,18;Baixo;Favorável
CLIMA_20250228_TALHAO_02;2025-02-28;2025-02;TALHAO_02;FZ001;157,26;5;29,60;79,11;14,29;Baixo;Favorável
CLIMA_20250228_TALHAO_03;2025-02-28;2025-02;TALHAO_03;FZ001;87,76;15;28,34;45,18;66,53;Alto;Desfavorável
CLIMA_20250228_TALHAO_04;2025-02-28;2025-02;TALHAO_04;FZ001;153,68;7;26,54;86,98;19,97;Baixo;Favorável
CLIMA_20250228_TALHAO_05;2025-02-28;2025-02;TALHAO_05;FZ001;149,39;3;29,76;80,47;30,02;Baixo;Favorável
CLIMA_20250228_TALHAO_06;2025-02-28;2025-02;TALHAO_06;FZ001;172,42;3;28,41;94,82;18,31;Baixo;Favorável
CLIMA_20250228_TALHAO_07;2025-02-28;2025-02;TALHAO_07;FZ001;135,55;6;29,44;71,78;36,16;Médio;Atenção
CLIMA_20250228_TALHAO_08;2025-02-28;2025-02;TALHAO_08;FZ001;166,09;2;27,84;92,99;7,17;Baixo;Favorável
CLIMA_20250228_TALHAO_09;2025-02-28;2025-02;TALHAO_09;FZ001;177,38;5;28,94;87,30;21,95;Baixo;Favorável
CLIMA_20250228_TALHAO_10;2025-02-28;2025-02;TALHAO_10;FZ001;102,67;15;29,01;49,41;51,73;Médio;Atenção
CLIMA_20250228_TALHAO_11;2025-02-28;2025-02;TALHAO_11;FZ001;144,18;10;27,09;80,72;44,99;Médio;Atenção
CLIMA_20250228_TALHAO_12;2025-02-28;2025-02;TALHAO_12;FZ001;129,24;13;25,31;66,81;46,29;Médio;Atenção
CLIMA_20250228_TALHAO_13;2025-02-28;2025-02;TALHAO_13;FZ001;137,83;7;27,26;74,54;26,49;Baixo;Favorável
CLIMA_20250228_TALHAO_14;2025-02-28;2025-02;TALHAO_14;FZ002;100,86;10;27,98;63,11;44,88;Médio;Atenção
CLIMA_20250228_TALHAO_15;2025-02-28;2025-02;TALHAO_15;FZ002;83,06;16;24,58;43,61;63,43;Médio;Atenção
CLIMA_20250228_TALHAO_16;2025-02-28;2025-02;TALHAO_16;FZ002;90,95;18;28,03;53,43;64,98;Médio;Atenção
CLIMA_20250228_TALHAO_17;2025-02-28;2025-02;TALHAO_17;FZ002;146,47;11;26,58;69,88;46,42;Médio;Atenção
CLIMA_20250228_TALHAO_18;2025-02-28;2025-02;TALHAO_18;FZ002;107,88;15;28,11;52,72;62,73;Médio;Atenção
CLIMA_20250228_TALHAO_19;2025-02-28;2025-02;TALHAO_19;FZ002;80,95;14;27,50;47,92;62,87;Médio;Atenção
CLIMA_20250228_TALHAO_20;2025-02-28;2025-02;TALHAO_20;FZ002;99,42;12;26,74;56,69;52,00;Médio;Atenção
CLIMA_20250228_TALHAO_21;2025-02-28;2025-02;TALHAO_21;FZ002;84,77;15;26,24;47,42;60,10;Médio;Atenção
CLIMA_20250228_TALHAO_22;2025-02-28;2025-02;TALHAO_22;FZ002;51,08;21;25,88;34,74;98,78;Alto;Desfavorável
CLIMA_20250228_TALHAO_23;2025-02-28;2025-02;TALHAO_23;FZ003;113,04;15;29,25;54,02;64,08;Médio;Atenção
CLIMA_20250228_TALHAO_24;2025-02-28;2025-02;TALHAO_24;FZ003;139,56;5;30,06;71,64;34,09;Baixo;Favorável
CLIMA_20250228_TALHAO_25;2025-02-28;2025-02;TALHAO_25;FZ003;128,42;10;28,05;64,65;45,01;Médio;Atenção
CLIMA_20250228_TALHAO_26;2025-02-28;2025-02;TALHAO_26;FZ003;142,41;7;27,81;82,55;40,99;Médio;Atenção
CLIMA_20250228_TALHAO_27;2025-02-28;2025-02;TALHAO_27;FZ003;83,63;16;27,32;50,95;73,54;Alto;Desfavorável
CLIMA_20250228_TALHAO_28;2025-02-28;2025-02;TALHAO_28;FZ003;151,65;8;27,63;74,07;19,59;Baixo;Favorável
CLIMA_20250228_TALHAO_29;2025-02-28;2025-02;TALHAO_29;FZ003;133,86;6;29,72;76,58;41,66;Médio;Atenção
CLIMA_20250228_TALHAO_30;2025-02-28;2025-02;TALHAO_30;FZ004;200,60;0;24,74;95;0;Baixo;Favorável
CLIMA_20250228_TALHAO_31;2025-02-28;2025-02;TALHAO_31;FZ004;159,58;2;20,74;85,80;14,33;Baixo;Favorável
CLIMA_20250228_TALHAO_32;2025-02-28;2025-02;TALHAO_32;FZ004;169,58;1;22,46;95;11,11;Baixo;Favorável
CLIMA_20250228_TALHAO_33;2025-02-28;2025-02;TALHAO_33;FZ004;264,38;0;22,43;95;0;Baixo;Favorável
CLIMA_20250228_TALHAO_34;2025-02-28;2025-02;TALHAO_34;FZ005;103,84;14;28,10;54,36;56,10;Médio;Atenção
CLIMA_20250228_TALHAO_35;2025-02-28;2025-02;TALHAO_35;FZ005;67,90;23;27,31;39,58;83,92;Alto;Desfavorável
CLIMA_20250228_TALHAO_36;2025-02-28;2025-02;TALHAO_36;FZ005;90,62;18;26,01;40,75;65,61;Alto;Desfavorável
CLIMA_20250228_TALHAO_37;2025-02-28;2025-02;TALHAO_37;FZ005;96,03;19;28,19;41,77;72,94;Alto;Desfavorável
CLIMA_20250228_TALHAO_38;2025-02-28;2025-02;TALHAO_38;FZ005;103,64;16;26,10;49,37;67,99;Alto;Desfavorável
CLIMA_20250228_TALHAO_39;2025-02-28;2025-02;TALHAO_39;FZ005;139,32;6;25,31;82,40;33,16;Baixo;Favorável
CLIMA_20250228_TALHAO_40;2025-02-28;2025-02;TALHAO_40;FZ005;76,19;21;25,10;43,38;91,07;Alto;Desfavorável
CLIMA_20250331_TALHAO_01;2025-03-31;2025-03;TALHAO_01;FZ001;147,45;6;25,53;82,71;20,24;Baixo;Favorável
CLIMA_20250331_TALHAO_02;2025-03-31;2025-03;TALHAO_02;FZ001;67,27;15;28,07;38,05;67,96;Alto;Desfavorável
CLIMA_20250331_TALHAO_03;2025-03-31;2025-03;TALHAO_03;FZ001;107,34;11;27,25;61,42;48,97;Médio;Atenção
CLIMA_20250331_TALHAO_04;2025-03-31;2025-03;TALHAO_04;FZ001;115,72;13;27,37;62,36;61,91;Médio;Atenção
CLIMA_20250331_TALHAO_05;2025-03-31;2025-03;TALHAO_05;FZ001;108,21;16;26,48;61,99;71,52;Alto;Desfavorável
CLIMA_20250331_TALHAO_06;2025-03-31;2025-03;TALHAO_06;FZ001;135,77;10;28,62;77,75;49,13;Médio;Atenção
CLIMA_20250331_TALHAO_07;2025-03-31;2025-03;TALHAO_07;FZ001;122,00;11;29,90;71,88;46,28;Médio;Atenção
CLIMA_20250331_TALHAO_08;2025-03-31;2025-03;TALHAO_08;FZ001;184,33;1;26,36;95;7,10;Baixo;Favorável
CLIMA_20250331_TALHAO_09;2025-03-31;2025-03;TALHAO_09;FZ001;113,21;13;27,70;59,70;63,03;Médio;Atenção
CLIMA_20250331_TALHAO_10;2025-03-31;2025-03;TALHAO_10;FZ001;81,85;17;25,41;47,76;72,61;Alto;Desfavorável
CLIMA_20250331_TALHAO_11;2025-03-31;2025-03;TALHAO_11;FZ001;119,06;13;29,17;65,58;58,93;Médio;Atenção
CLIMA_20250331_TALHAO_12;2025-03-31;2025-03;TALHAO_12;FZ001;121,04;13;27,25;64,19;43,87;Médio;Atenção
CLIMA_20250331_TALHAO_13;2025-03-31;2025-03;TALHAO_13;FZ001;196,94;2;29,26;95;0,62;Baixo;Favorável
CLIMA_20250331_TALHAO_14;2025-03-31;2025-03;TALHAO_14;FZ002;76,25;20;27,77;41,27;75,26;Alto;Desfavorável
CLIMA_20250331_TALHAO_15;2025-03-31;2025-03;TALHAO_15;FZ002;39,06;25;25,03;23,15;104,48;Alto;Desfavorável
CLIMA_20250331_TALHAO_16;2025-03-31;2025-03;TALHAO_16;FZ002;74,58;14;27,46;43,09;68,04;Alto;Desfavorável
CLIMA_20250331_TALHAO_17;2025-03-31;2025-03;TALHAO_17;FZ002;80,10;20;25,19;48,10;73,61;Alto;Desfavorável
CLIMA_20250331_TALHAO_18;2025-03-31;2025-03;TALHAO_18;FZ002;70,75;21;25,95;42,28;80,04;Alto;Desfavorável
CLIMA_20250331_TALHAO_19;2025-03-31;2025-03;TALHAO_19;FZ002;102,15;13;26,92;59,16;54,57;Médio;Atenção
CLIMA_20250331_TALHAO_20;2025-03-31;2025-03;TALHAO_20;FZ002;38,83;24;25,49;18,22;109,14;Alto;Desfavorável
CLIMA_20250331_TALHAO_21;2025-03-31;2025-03;TALHAO_21;FZ002;104,25;13;24,02;59,28;62,51;Médio;Atenção
CLIMA_20250331_TALHAO_22;2025-03-31;2025-03;TALHAO_22;FZ002;92,75;16;27,79;45,69;60,18;Médio;Atenção
CLIMA_20250331_TALHAO_23;2025-03-31;2025-03;TALHAO_23;FZ003;139,90;12;29,78;66,41;41,77;Médio;Atenção
CLIMA_20250331_TALHAO_24;2025-03-31;2025-03;TALHAO_24;FZ003;124,05;10;26,93;72,75;55,16;Médio;Atenção
CLIMA_20250331_TALHAO_25;2025-03-31;2025-03;TALHAO_25;FZ003;119,89;7;27,41;64,47;44,39;Médio;Atenção
CLIMA_20250331_TALHAO_26;2025-03-31;2025-03;TALHAO_26;FZ003;91,74;16;28,05;47,50;74,40;Alto;Desfavorável
CLIMA_20250331_TALHAO_27;2025-03-31;2025-03;TALHAO_27;FZ003;123,69;10;27,36;62,79;35,98;Médio;Atenção
CLIMA_20250331_TALHAO_28;2025-03-31;2025-03;TALHAO_28;FZ003;37,82;21;27,31;31,75;104,51;Alto;Desfavorável
CLIMA_20250331_TALHAO_29;2025-03-31;2025-03;TALHAO_29;FZ003;112,86;13;27,68;57,20;43,94;Médio;Atenção
CLIMA_20250331_TALHAO_30;2025-03-31;2025-03;TALHAO_30;FZ004;90,53;14;21,26;56,39;68,89;Alto;Desfavorável
CLIMA_20250331_TALHAO_31;2025-03-31;2025-03;TALHAO_31;FZ004;182,16;1;24,48;95;3,16;Baixo;Favorável
CLIMA_20250331_TALHAO_32;2025-03-31;2025-03;TALHAO_32;FZ004;95,08;16;21,33;57,70;70,15;Alto;Desfavorável
CLIMA_20250331_TALHAO_33;2025-03-31;2025-03;TALHAO_33;FZ004;145,68;12;24,89;72,14;48,98;Médio;Atenção
CLIMA_20250331_TALHAO_34;2025-03-31;2025-03;TALHAO_34;FZ005;51,99;22;28,22;35,75;103,49;Alto;Desfavorável
CLIMA_20250331_TALHAO_35;2025-03-31;2025-03;TALHAO_35;FZ005;145,38;10;27,77;74,93;33,72;Baixo;Favorável
CLIMA_20250331_TALHAO_36;2025-03-31;2025-03;TALHAO_36;FZ005;91,41;16;26,78;53,09;69,51;Alto;Desfavorável
CLIMA_20250331_TALHAO_37;2025-03-31;2025-03;TALHAO_37;FZ005;87,25;18;25,28;50,42;67,71;Alto;Desfavorável
CLIMA_20250331_TALHAO_38;2025-03-31;2025-03;TALHAO_38;FZ005;91,04;14;28,00;53,39;70,22;Alto;Desfavorável
CLIMA_20250331_TALHAO_39;2025-03-31;2025-03;TALHAO_39;FZ005;109,16;15;27,17;62,39;67,38;Alto;Desfavorável
CLIMA_20250331_TALHAO_40;2025-03-31;2025-03;TALHAO_40;FZ005;116,59;8;25,59;71,33;48,67;Médio;Atenção
CLIMA_20250430_TALHAO_01;2025-04-30;2025-04;TALHAO_01;FZ001;90,21;15;28,25;48,75;69,73;Alto;Desfavorável
CLIMA_20250430_TALHAO_02;2025-04-30;2025-04;TALHAO_02;FZ001;109,91;11;26,48;61,91;48,80;Médio;Atenção
CLIMA_20250430_TALHAO_03;2025-04-30;2025-04;TALHAO_03;FZ001;116,15;15;27,89;57,26;61,00;Médio;Atenção
CLIMA_20250430_TALHAO_04;2025-04-30;2025-04;TALHAO_04;FZ001;99,96;15;25,73;48,40;68,55;Alto;Desfavorável
CLIMA_20250430_TALHAO_05;2025-04-30;2025-04;TALHAO_05;FZ001;102,58;12;28,56;56,28;67,10;Alto;Desfavorável
CLIMA_20250430_TALHAO_06;2025-04-30;2025-04;TALHAO_06;FZ001;115,45;12;25,82;58,25;58,21;Médio;Atenção
CLIMA_20250430_TALHAO_07;2025-04-30;2025-04;TALHAO_07;FZ001;77,58;18;27,25;41,53;78,59;Alto;Desfavorável
CLIMA_20250430_TALHAO_08;2025-04-30;2025-04;TALHAO_08;FZ001;102,70;17;28,70;57,57;70,22;Alto;Desfavorável
CLIMA_20250430_TALHAO_09;2025-04-30;2025-04;TALHAO_09;FZ001;114,08;16;27,84;59,65;55,82;Médio;Atenção
CLIMA_20250430_TALHAO_10;2025-04-30;2025-04;TALHAO_10;FZ001;56,88;20;29,44;27,97;89,34;Alto;Desfavorável
CLIMA_20250430_TALHAO_11;2025-04-30;2025-04;TALHAO_11;FZ001;89,91;17;28,61;44,11;68,78;Alto;Desfavorável
CLIMA_20250430_TALHAO_12;2025-04-30;2025-04;TALHAO_12;FZ001;28,72;28;28,50;12,56;106,37;Alto;Desfavorável
CLIMA_20250430_TALHAO_13;2025-04-30;2025-04;TALHAO_13;FZ001;132,73;6;27,05;73,99;43,47;Médio;Atenção
CLIMA_20250430_TALHAO_14;2025-04-30;2025-04;TALHAO_14;FZ002;105,03;11;24,81;55,44;50,08;Médio;Atenção
CLIMA_20250430_TALHAO_15;2025-04-30;2025-04;TALHAO_15;FZ002;102,04;15;24,24;50,67;53,75;Médio;Atenção
CLIMA_20250430_TALHAO_16;2025-04-30;2025-04;TALHAO_16;FZ002;63,70;18;28,10;36,78;91,14;Alto;Desfavorável
CLIMA_20250430_TALHAO_17;2025-04-30;2025-04;TALHAO_17;FZ002;45,55;25;23,87;23,74;91,17;Alto;Desfavorável
CLIMA_20250430_TALHAO_18;2025-04-30;2025-04;TALHAO_18;FZ002;83,32;14;27,62;45,94;60,23;Médio;Atenção
CLIMA_20250430_TALHAO_19;2025-04-30;2025-04;TALHAO_19;FZ002;58,72;24;24,48;35,31;97,57;Alto;Desfavorável
CLIMA_20250430_TALHAO_20;2025-04-30;2025-04;TALHAO_20;FZ002;84,51;13;23,96;55,02;65,24;Alto;Desfavorável
CLIMA_20250430_TALHAO_21;2025-04-30;2025-04;TALHAO_21;FZ002;89,00;14;28,28;48,86;75,70;Alto;Desfavorável
CLIMA_20250430_TALHAO_22;2025-04-30;2025-04;TALHAO_22;FZ002;63,00;18;25,29;44,54;84,53;Alto;Desfavorável
CLIMA_20250430_TALHAO_23;2025-04-30;2025-04;TALHAO_23;FZ003;89,44;12;27,97;49,14;54,50;Médio;Atenção
CLIMA_20250430_TALHAO_24;2025-04-30;2025-04;TALHAO_24;FZ003;99,34;18;28,90;44,11;77,07;Alto;Desfavorável
CLIMA_20250430_TALHAO_25;2025-04-30;2025-04;TALHAO_25;FZ003;71,41;22;28,12;39,93;95,14;Alto;Desfavorável
CLIMA_20250430_TALHAO_26;2025-04-30;2025-04;TALHAO_26;FZ003;94,97;16;27,71;49,93;57,82;Médio;Atenção
CLIMA_20250430_TALHAO_27;2025-04-30;2025-04;TALHAO_27;FZ003;89,33;18;28,15;40,75;76,79;Alto;Desfavorável
CLIMA_20250430_TALHAO_28;2025-04-30;2025-04;TALHAO_28;FZ003;83,15;17;30,31;43,36;76,47;Alto;Desfavorável
CLIMA_20250430_TALHAO_29;2025-04-30;2025-04;TALHAO_29;FZ003;97,17;14;29,42;52,12;56,79;Médio;Atenção
CLIMA_20250430_TALHAO_30;2025-04-30;2025-04;TALHAO_30;FZ004;158,83;6;23,98;83,62;26,64;Baixo;Favorável
CLIMA_20250430_TALHAO_31;2025-04-30;2025-04;TALHAO_31;FZ004;122,93;14;23,93;58,59;48,29;Médio;Atenção
CLIMA_20250430_TALHAO_32;2025-04-30;2025-04;TALHAO_32;FZ004;175,21;2;20,97;92,34;16,31;Baixo;Favorável
CLIMA_20250430_TALHAO_33;2025-04-30;2025-04;TALHAO_33;FZ004;164,13;3;22,09;89,18;15,37;Baixo;Favorável
CLIMA_20250430_TALHAO_34;2025-04-30;2025-04;TALHAO_34;FZ005;87,47;15;25,66;47,81;64,61;Médio;Atenção
CLIMA_20250430_TALHAO_35;2025-04-30;2025-04;TALHAO_35;FZ005;56,33;20;25,11;33,09;95,83;Alto;Desfavorável
CLIMA_20250430_TALHAO_36;2025-04-30;2025-04;TALHAO_36;FZ005;63,40;20;26,57;30,27;86,71;Alto;Desfavorável
CLIMA_20250430_TALHAO_37;2025-04-30;2025-04;TALHAO_37;FZ005;49,51;25;28,16;26,96;106,73;Alto;Desfavorável
CLIMA_20250430_TALHAO_38;2025-04-30;2025-04;TALHAO_38;FZ005;111,13;11;26,22;55,86;44,57;Médio;Atenção
CLIMA_20250430_TALHAO_39;2025-04-30;2025-04;TALHAO_39;FZ005;108,46;11;27,25;60,52;57,94;Médio;Atenção
CLIMA_20250430_TALHAO_40;2025-04-30;2025-04;TALHAO_40;FZ005;17,75;27;24,89;15,15;113,02;Alto;Desfavorável
CLIMA_20250531_TALHAO_01;2025-05-31;2025-05;TALHAO_01;FZ001;61,70;19;26,79;33,72;85,86;Alto;Desfavorável
CLIMA_20250531_TALHAO_02;2025-05-31;2025-05;TALHAO_02;FZ001;28,80;24;26,60;13,65;115,72;Alto;Desfavorável
CLIMA_20250531_TALHAO_03;2025-05-31;2025-05;TALHAO_03;FZ001;56,76;19;28,93;36,78;84,10;Alto;Desfavorável
CLIMA_20250531_TALHAO_04;2025-05-31;2025-05;TALHAO_04;FZ001;70,70;16;25,97;48,69;69,41;Alto;Desfavorável
CLIMA_20250531_TALHAO_05;2025-05-31;2025-05;TALHAO_05;FZ001;49,28;18;28,56;29,67;96,59;Alto;Desfavorável
CLIMA_20250531_TALHAO_06;2025-05-31;2025-05;TALHAO_06;FZ001;65,27;23;29,60;38,27;100,08;Alto;Desfavorável
CLIMA_20250531_TALHAO_07;2025-05-31;2025-05;TALHAO_07;FZ001;56,04;19;25,80;28,75;96,23;Alto;Desfavorável
CLIMA_20250531_TALHAO_08;2025-05-31;2025-05;TALHAO_08;FZ001;115,93;14;28,48;60,82;57,02;Médio;Atenção
CLIMA_20250531_TALHAO_09;2025-05-31;2025-05;TALHAO_09;FZ001;72,79;20;28,79;43,60;90,09;Alto;Desfavorável
CLIMA_20250531_TALHAO_10;2025-05-31;2025-05;TALHAO_10;FZ001;127,88;12;28,90;63,28;54,42;Médio;Atenção
CLIMA_20250531_TALHAO_11;2025-05-31;2025-05;TALHAO_11;FZ001;70,38;21;26,60;42,15;84,52;Alto;Desfavorável
CLIMA_20250531_TALHAO_12;2025-05-31;2025-05;TALHAO_12;FZ001;92,99;17;29,16;54,51;77,46;Alto;Desfavorável
CLIMA_20250531_TALHAO_13;2025-05-31;2025-05;TALHAO_13;FZ001;54,73;23;29,49;27,36;95,38;Alto;Desfavorável
CLIMA_20250531_TALHAO_14;2025-05-31;2025-05;TALHAO_14;FZ002;60,74;21;26,11;38,47;90,29;Alto;Desfavorável
CLIMA_20250531_TALHAO_15;2025-05-31;2025-05;TALHAO_15;FZ002;48,07;20;27,99;26,88;103,75;Alto;Desfavorável
CLIMA_20250531_TALHAO_16;2025-05-31;2025-05;TALHAO_16;FZ002;66,37;22;25,84;32,65;81,70;Alto;Desfavorável
CLIMA_20250531_TALHAO_17;2025-05-31;2025-05;TALHAO_17;FZ002;21,41;25;25,94;17,20;111,14;Alto;Desfavorável
CLIMA_20250531_TALHAO_18;2025-05-31;2025-05;TALHAO_18;FZ002;27,76;24;24,14;20,74;100,86;Alto;Desfavorável
CLIMA_20250531_TALHAO_19;2025-05-31;2025-05;TALHAO_19;FZ002;79,43;20;24,45;41,42;81,19;Alto;Desfavorável
CLIMA_20250531_TALHAO_20;2025-05-31;2025-05;TALHAO_20;FZ002;34,97;21;25,45;22,68;103,46;Alto;Desfavorável
CLIMA_20250531_TALHAO_21;2025-05-31;2025-05;TALHAO_21;FZ002;71,86;21;27,74;36,09;92,32;Alto;Desfavorável
CLIMA_20250531_TALHAO_22;2025-05-31;2025-05;TALHAO_22;FZ002;55,18;23;27,45;23,27;85,15;Alto;Desfavorável
CLIMA_20250531_TALHAO_23;2025-05-31;2025-05;TALHAO_23;FZ003;88,68;18;29,19;50,57;62,12;Médio;Atenção
CLIMA_20250531_TALHAO_24;2025-05-31;2025-05;TALHAO_24;FZ003;65,65;18;29,43;42,38;85,12;Alto;Desfavorável
CLIMA_20250531_TALHAO_25;2025-05-31;2025-05;TALHAO_25;FZ003;81,48;19;30,08;48,57;74,18;Alto;Desfavorável
CLIMA_20250531_TALHAO_26;2025-05-31;2025-05;TALHAO_26;FZ003;44,17;19;29,75;34,13;96,86;Alto;Desfavorável
CLIMA_20250531_TALHAO_27;2025-05-31;2025-05;TALHAO_27;FZ003;93,32;17;29,73;42,90;62,28;Médio;Atenção
CLIMA_20250531_TALHAO_28;2025-05-31;2025-05;TALHAO_28;FZ003;32,62;22;29,14;20,19;109,26;Alto;Desfavorável
CLIMA_20250531_TALHAO_29;2025-05-31;2025-05;TALHAO_29;FZ003;75,50;21;27,58;37,43;79,22;Alto;Desfavorável
CLIMA_20250531_TALHAO_30;2025-05-31;2025-05;TALHAO_30;FZ004;64,48;21;25,03;40,16;78,81;Alto;Desfavorável
CLIMA_20250531_TALHAO_31;2025-05-31;2025-05;TALHAO_31;FZ004;80,52;15;23,98;49,84;80,63;Alto;Desfavorável
CLIMA_20250531_TALHAO_32;2025-05-31;2025-05;TALHAO_32;FZ004;109,09;16;21,31;54,13;57,34;Médio;Atenção
CLIMA_20250531_TALHAO_33;2025-05-31;2025-05;TALHAO_33;FZ004;86,33;19;22,59;50,53;80,86;Alto;Desfavorável
CLIMA_20250531_TALHAO_34;2025-05-31;2025-05;TALHAO_34;FZ005;24,54;27;28,10;21,02;113,25;Alto;Desfavorável
CLIMA_20250531_TALHAO_35;2025-05-31;2025-05;TALHAO_35;FZ005;34,19;25;26,04;15,53;99,97;Alto;Desfavorável
CLIMA_20250531_TALHAO_36;2025-05-31;2025-05;TALHAO_36;FZ005;11,89;23;28,53;19,41;108,51;Alto;Desfavorável
CLIMA_20250531_TALHAO_37;2025-05-31;2025-05;TALHAO_37;FZ005;38,92;21;26,89;28,41;107,11;Alto;Desfavorável
CLIMA_20250531_TALHAO_38;2025-05-31;2025-05;TALHAO_38;FZ005;50,44;20;26,39;37,71;93,01;Alto;Desfavorável
CLIMA_20250531_TALHAO_39;2025-05-31;2025-05;TALHAO_39;FZ005;43,13;26;25,12;23,09;101,82;Alto;Desfavorável
CLIMA_20250531_TALHAO_40;2025-05-31;2025-05;TALHAO_40;FZ005;60,83;18;24,91;39,90;80,48;Alto;Desfavorável
CLIMA_20250630_TALHAO_01;2025-06-30;2025-06;TALHAO_01;FZ001;0;31;28,38;12;135,75;Alto;Desfavorável
CLIMA_20250630_TALHAO_02;2025-06-30;2025-06;TALHAO_02;FZ001;69,53;18;28,00;46,02;71,79;Alto;Desfavorável
CLIMA_20250630_TALHAO_03;2025-06-30;2025-06;TALHAO_03;FZ001;68,65;17;27,29;38,57;85,40;Alto;Desfavorável
CLIMA_20250630_TALHAO_04;2025-06-30;2025-06;TALHAO_04;FZ001;37,68;21;28,48;22,66;93,11;Alto;Desfavorável
CLIMA_20250630_TALHAO_05;2025-06-30;2025-06;TALHAO_05;FZ001;18,00;22;26,79;21,92;107,75;Alto;Desfavorável
CLIMA_20250630_TALHAO_06;2025-06-30;2025-06;TALHAO_06;FZ001;43,69;22;24,36;31,58;95,99;Alto;Desfavorável
CLIMA_20250630_TALHAO_07;2025-06-30;2025-06;TALHAO_07;FZ001;0,19;31;26,58;12;140,21;Alto;Desfavorável
CLIMA_20250630_TALHAO_08;2025-06-30;2025-06;TALHAO_08;FZ001;31,46;24;26,86;23,59;95,98;Alto;Desfavorável
CLIMA_20250630_TALHAO_09;2025-06-30;2025-06;TALHAO_09;FZ001;29,88;24;26,40;13,87;96,79;Alto;Desfavorável
CLIMA_20250630_TALHAO_10;2025-06-30;2025-06;TALHAO_10;FZ001;25,48;21;27,07;23,53;97,61;Alto;Desfavorável
CLIMA_20250630_TALHAO_11;2025-06-30;2025-06;TALHAO_11;FZ001;23,24;22;28,24;19,12;100,38;Alto;Desfavorável
CLIMA_20250630_TALHAO_12;2025-06-30;2025-06;TALHAO_12;FZ001;44,98;25;25,76;29,91;103,87;Alto;Desfavorável
CLIMA_20250630_TALHAO_13;2025-06-30;2025-06;TALHAO_13;FZ001;45,65;25;27,69;22,69;101,67;Alto;Desfavorável
CLIMA_20250630_TALHAO_14;2025-06-30;2025-06;TALHAO_14;FZ002;30,55;24;24,68;13,89;107,60;Alto;Desfavorável
CLIMA_20250630_TALHAO_15;2025-06-30;2025-06;TALHAO_15;FZ002;60,74;16;25,81;43,01;85,26;Alto;Desfavorável
CLIMA_20250630_TALHAO_16;2025-06-30;2025-06;TALHAO_16;FZ002;29,73;22;22,87;18,94;100,26;Alto;Desfavorável
CLIMA_20250630_TALHAO_17;2025-06-30;2025-06;TALHAO_17;FZ002;35,08;22;26,81;19,65;94,19;Alto;Desfavorável
CLIMA_20250630_TALHAO_18;2025-06-30;2025-06;TALHAO_18;FZ002;56,71;23;22,95;34,17;87,63;Alto;Desfavorável
CLIMA_20250630_TALHAO_19;2025-06-30;2025-06;TALHAO_19;FZ002;40,43;23;25,36;28,28;91,71;Alto;Desfavorável
CLIMA_20250630_TALHAO_20;2025-06-30;2025-06;TALHAO_20;FZ002;38,30;25;23,28;18,14;109,45;Alto;Desfavorável
CLIMA_20250630_TALHAO_21;2025-06-30;2025-06;TALHAO_21;FZ002;82,98;16;27,12;53,55;67,30;Alto;Desfavorável
CLIMA_20250630_TALHAO_22;2025-06-30;2025-06;TALHAO_22;FZ002;72,56;21;27,35;41,89;83,01;Alto;Desfavorável
CLIMA_20250630_TALHAO_23;2025-06-30;2025-06;TALHAO_23;FZ003;58,24;24;25,21;25,62;104,16;Alto;Desfavorável
CLIMA_20250630_TALHAO_24;2025-06-30;2025-06;TALHAO_24;FZ003;92,97;14;25,32;54,33;67,24;Alto;Desfavorável
CLIMA_20250630_TALHAO_25;2025-06-30;2025-06;TALHAO_25;FZ003;17,58;29;29,44;16,74;130,10;Alto;Desfavorável
CLIMA_20250630_TALHAO_26;2025-06-30;2025-06;TALHAO_26;FZ003;28,36;28;25,97;16,63;120,61;Alto;Desfavorável
CLIMA_20250630_TALHAO_27;2025-06-30;2025-06;TALHAO_27;FZ003;66,89;21;26,94;37,10;96,87;Alto;Desfavorável
CLIMA_20250630_TALHAO_28;2025-06-30;2025-06;TALHAO_28;FZ003;39,07;22;25,65;28,04;104,18;Alto;Desfavorável
CLIMA_20250630_TALHAO_29;2025-06-30;2025-06;TALHAO_29;FZ003;39,94;26;28,33;17,52;96,93;Alto;Desfavorável
CLIMA_20250630_TALHAO_30;2025-06-30;2025-06;TALHAO_30;FZ004;57,42;24;21,11;33,07;88,83;Alto;Desfavorável
CLIMA_20250630_TALHAO_31;2025-06-30;2025-06;TALHAO_31;FZ004;38,65;22;20,83;26,42;102,52;Alto;Desfavorável
CLIMA_20250630_TALHAO_32;2025-06-30;2025-06;TALHAO_32;FZ004;78,00;20;22,79;34,30;83,25;Alto;Desfavorável
CLIMA_20250630_TALHAO_33;2025-06-30;2025-06;TALHAO_33;FZ004;44,68;20;21,02;28,96;94,71;Alto;Desfavorável
CLIMA_20250630_TALHAO_34;2025-06-30;2025-06;TALHAO_34;FZ005;55,50;18;23,58;32,36;89,47;Alto;Desfavorável
CLIMA_20250630_TALHAO_35;2025-06-30;2025-06;TALHAO_35;FZ005;48,32;24;26,73;33,37;99,16;Alto;Desfavorável
CLIMA_20250630_TALHAO_36;2025-06-30;2025-06;TALHAO_36;FZ005;0;29;27,29;12;118,79;Alto;Desfavorável
CLIMA_20250630_TALHAO_37;2025-06-30;2025-06;TALHAO_37;FZ005;50,64;25;24,30;24,01;106,15;Alto;Desfavorável
CLIMA_20250630_TALHAO_38;2025-06-30;2025-06;TALHAO_38;FZ005;37,47;19;26,23;25,16;98,82;Alto;Desfavorável
CLIMA_20250630_TALHAO_39;2025-06-30;2025-06;TALHAO_39;FZ005;56,85;21;24,78;30,23;86,54;Alto;Desfavorável
CLIMA_20250630_TALHAO_40;2025-06-30;2025-06;TALHAO_40;FZ005;0;31;24,90;12;124,08;Alto;Desfavorável
CLIMA_20250731_TALHAO_01;2025-07-31;2025-07;TALHAO_01;FZ001;31,52;22;26,90;17,92;112,06;Alto;Desfavorável
CLIMA_20250731_TALHAO_02;2025-07-31;2025-07;TALHAO_02;FZ001;0;25;26,03;12;111,04;Alto;Desfavorável
CLIMA_20250731_TALHAO_03;2025-07-31;2025-07;TALHAO_03;FZ001;44,58;26;25,19;24,29;102,37;Alto;Desfavorável
CLIMA_20250731_TALHAO_04;2025-07-31;2025-07;TALHAO_04;FZ001;32,56;25;24,70;22,43;105,41;Alto;Desfavorável
CLIMA_20250731_TALHAO_05;2025-07-31;2025-07;TALHAO_05;FZ001;34,13;22;25,31;26,57;101,67;Alto;Desfavorável
CLIMA_20250731_TALHAO_06;2025-07-31;2025-07;TALHAO_06;FZ001;69,97;20;24,92;33,79;94,55;Alto;Desfavorável
CLIMA_20250731_TALHAO_07;2025-07-31;2025-07;TALHAO_07;FZ001;13,46;26;24,39;15,22;122,30;Alto;Desfavorável
CLIMA_20250731_TALHAO_08;2025-07-31;2025-07;TALHAO_08;FZ001;44,25;20;26,56;24,15;94,67;Alto;Desfavorável
CLIMA_20250731_TALHAO_09;2025-07-31;2025-07;TALHAO_09;FZ001;33,31;25;26,99;13,60;117,85;Alto;Desfavorável
CLIMA_20250731_TALHAO_10;2025-07-31;2025-07;TALHAO_10;FZ001;12,55;28;24,92;12;117,60;Alto;Desfavorável
CLIMA_20250731_TALHAO_11;2025-07-31;2025-07;TALHAO_11;FZ001;46,12;18;28,19;27,74;97,34;Alto;Desfavorável
CLIMA_20250731_TALHAO_12;2025-07-31;2025-07;TALHAO_12;FZ001;9,34;28;28,10;14,12;126,84;Alto;Desfavorável
CLIMA_20250731_TALHAO_13;2025-07-31;2025-07;TALHAO_13;FZ001;57,24;18;24,72;30,06;94,64;Alto;Desfavorável
CLIMA_20250731_TALHAO_14;2025-07-31;2025-07;TALHAO_14;FZ002;42,88;24;26,09;25,37;106,27;Alto;Desfavorável
CLIMA_20250731_TALHAO_15;2025-07-31;2025-07;TALHAO_15;FZ002;14,51;24;23,10;20,58;112,07;Alto;Desfavorável
CLIMA_20250731_TALHAO_16;2025-07-31;2025-07;TALHAO_16;FZ002;27,04;23;24,28;22,59;111,65;Alto;Desfavorável
CLIMA_20250731_TALHAO_17;2025-07-31;2025-07;TALHAO_17;FZ002;55,23;24;24,68;31,49;94,84;Alto;Desfavorável
CLIMA_20250731_TALHAO_18;2025-07-31;2025-07;TALHAO_18;FZ002;1,53;31;26,35;12;123,81;Alto;Desfavorável
CLIMA_20250731_TALHAO_19;2025-07-31;2025-07;TALHAO_19;FZ002;8,32;23;27,11;14,71;114,26;Alto;Desfavorável
CLIMA_20250731_TALHAO_20;2025-07-31;2025-07;TALHAO_20;FZ002;40,32;24;24,68;29,22;107,86;Alto;Desfavorável
CLIMA_20250731_TALHAO_21;2025-07-31;2025-07;TALHAO_21;FZ002;0;29;24,61;12;125,41;Alto;Desfavorável
CLIMA_20250731_TALHAO_22;2025-07-31;2025-07;TALHAO_22;FZ002;0;27;24,05;12;132,65;Alto;Desfavorável
CLIMA_20250731_TALHAO_23;2025-07-31;2025-07;TALHAO_23;FZ003;37,51;23;27,60;21,80;111,27;Alto;Desfavorável
CLIMA_20250731_TALHAO_24;2025-07-31;2025-07;TALHAO_24;FZ003;41,87;20;26,82;29,82;105,58;Alto;Desfavorável
CLIMA_20250731_TALHAO_25;2025-07-31;2025-07;TALHAO_25;FZ003;35,38;23;29,27;28,86;101,91;Alto;Desfavorável
CLIMA_20250731_TALHAO_26;2025-07-31;2025-07;TALHAO_26;FZ003;21,53;27;28,85;17,15;116,01;Alto;Desfavorável
CLIMA_20250731_TALHAO_27;2025-07-31;2025-07;TALHAO_27;FZ003;25,85;23;26,79;19,54;113,77;Alto;Desfavorável
CLIMA_20250731_TALHAO_28;2025-07-31;2025-07;TALHAO_28;FZ003;0;28;28,58;12;123,59;Alto;Desfavorável
CLIMA_20250731_TALHAO_29;2025-07-31;2025-07;TALHAO_29;FZ003;23,95;22;27,79;19,06;106,44;Alto;Desfavorável
CLIMA_20250731_TALHAO_30;2025-07-31;2025-07;TALHAO_30;FZ004;39,42;27;20,42;20,58;112,53;Alto;Desfavorável
CLIMA_20250731_TALHAO_31;2025-07-31;2025-07;TALHAO_31;FZ004;38,51;22;20,31;19,09;93,83;Alto;Desfavorável
CLIMA_20250731_TALHAO_32;2025-07-31;2025-07;TALHAO_32;FZ004;26,48;25;23,65;21,25;117,20;Alto;Desfavorável
CLIMA_20250731_TALHAO_33;2025-07-31;2025-07;TALHAO_33;FZ004;58,95;17;19,73;40,47;88,32;Alto;Desfavorável
CLIMA_20250731_TALHAO_34;2025-07-31;2025-07;TALHAO_34;FZ005;23,82;28;27,48;14,33;124,31;Alto;Desfavorável
CLIMA_20250731_TALHAO_35;2025-07-31;2025-07;TALHAO_35;FZ005;13,29;28;25,56;13,75;128,10;Alto;Desfavorável
CLIMA_20250731_TALHAO_36;2025-07-31;2025-07;TALHAO_36;FZ005;9,81;25;24,46;12;112,55;Alto;Desfavorável
CLIMA_20250731_TALHAO_37;2025-07-31;2025-07;TALHAO_37;FZ005;45,53;22;26,31;22,25;104,06;Alto;Desfavorável
CLIMA_20250731_TALHAO_38;2025-07-31;2025-07;TALHAO_38;FZ005;30,27;27;23,71;12,26;108,08;Alto;Desfavorável
CLIMA_20250731_TALHAO_39;2025-07-31;2025-07;TALHAO_39;FZ005;15,11;23;24,94;19,62;102,97;Alto;Desfavorável
CLIMA_20250731_TALHAO_40;2025-07-31;2025-07;TALHAO_40;FZ005;31,25;23;23,88;22,87;102,76;Alto;Desfavorável
CLIMA_20250831_TALHAO_01;2025-08-31;2025-08;TALHAO_01;FZ001;29,97;21;29,11;29,54;106,00;Alto;Desfavorável
CLIMA_20250831_TALHAO_02;2025-08-31;2025-08;TALHAO_02;FZ001;50,02;22;28,16;22,62;88,71;Alto;Desfavorável
CLIMA_20250831_TALHAO_03;2025-08-31;2025-08;TALHAO_03;FZ001;58,25;18;30,70;35,07;86,78;Alto;Desfavorável
CLIMA_20250831_TALHAO_04;2025-08-31;2025-08;TALHAO_04;FZ001;37,35;22;29,43;30,39;106,46;Alto;Desfavorável
CLIMA_20250831_TALHAO_05;2025-08-31;2025-08;TALHAO_05;FZ001;56,05;21;27,83;32,82;85,53;Alto;Desfavorável
CLIMA_20250831_TALHAO_06;2025-08-31;2025-08;TALHAO_06;FZ001;8,55;29;31,29;12;123,89;Alto;Desfavorável
CLIMA_20250831_TALHAO_07;2025-08-31;2025-08;TALHAO_07;FZ001;54,12;22;31,96;36,38;89,30;Alto;Desfavorável
CLIMA_20250831_TALHAO_08;2025-08-31;2025-08;TALHAO_08;FZ001;36,68;23;27,64;19,50;101,77;Alto;Desfavorável
CLIMA_20250831_TALHAO_09;2025-08-31;2025-08;TALHAO_09;FZ001;60,53;24;30,97;35,30;90,60;Alto;Desfavorável
CLIMA_20250831_TALHAO_10;2025-08-31;2025-08;TALHAO_10;FZ001;18,89;22;30,91;22,71;118,97;Alto;Desfavorável
CLIMA_20250831_TALHAO_11;2025-08-31;2025-08;TALHAO_11;FZ001;63,53;19;29,21;39,76;90,42;Alto;Desfavorável
CLIMA_20250831_TALHAO_12;2025-08-31;2025-08;TALHAO_12;FZ001;74,50;18;30,26;47,66;68,60;Alto;Desfavorável
CLIMA_20250831_TALHAO_13;2025-08-31;2025-08;TALHAO_13;FZ001;30,34;23;28,96;18,92;105,47;Alto;Desfavorável
CLIMA_20250831_TALHAO_14;2025-08-31;2025-08;TALHAO_14;FZ002;22,26;28;29,62;18,16;122,30;Alto;Desfavorável
CLIMA_20250831_TALHAO_15;2025-08-31;2025-08;TALHAO_15;FZ002;0;25;29,83;12;112,29;Alto;Desfavorável
CLIMA_20250831_TALHAO_16;2025-08-31;2025-08;TALHAO_16;FZ002;11,71;28;26,56;12;118,55;Alto;Desfavorável
CLIMA_20250831_TALHAO_17;2025-08-31;2025-08;TALHAO_17;FZ002;46,70;25;25,83;25,77;94,62;Alto;Desfavorável
CLIMA_20250831_TALHAO_18;2025-08-31;2025-08;TALHAO_18;FZ002;17,58;24;29,01;14,24;105,09;Alto;Desfavorável
CLIMA_20250831_TALHAO_19;2025-08-31;2025-08;TALHAO_19;FZ002;11,56;23;29,27;12;109,71;Alto;Desfavorável
CLIMA_20250831_TALHAO_20;2025-08-31;2025-08;TALHAO_20;FZ002;22,25;25;27,96;14,23;114,71;Alto;Desfavorável
CLIMA_20250831_TALHAO_21;2025-08-31;2025-08;TALHAO_21;FZ002;60,04;17;29,39;38,26;88,47;Alto;Desfavorável
CLIMA_20250831_TALHAO_22;2025-08-31;2025-08;TALHAO_22;FZ002;0;31;30,34;12;129,43;Alto;Desfavorável
CLIMA_20250831_TALHAO_23;2025-08-31;2025-08;TALHAO_23;FZ003;0;28;28,44;12;128,78;Alto;Desfavorável
CLIMA_20250831_TALHAO_24;2025-08-31;2025-08;TALHAO_24;FZ003;31,29;27;30,14;22,18;112,96;Alto;Desfavorável
CLIMA_20250831_TALHAO_25;2025-08-31;2025-08;TALHAO_25;FZ003;37,21;26;30,53;19,76;115,82;Alto;Desfavorável
CLIMA_20250831_TALHAO_26;2025-08-31;2025-08;TALHAO_26;FZ003;42,09;19;28,22;33,22;100,74;Alto;Desfavorável
CLIMA_20250831_TALHAO_27;2025-08-31;2025-08;TALHAO_27;FZ003;2,62;28;29,98;12;119,77;Alto;Desfavorável
CLIMA_20250831_TALHAO_28;2025-08-31;2025-08;TALHAO_28;FZ003;58,05;22;31,96;32,19;94,70;Alto;Desfavorável
CLIMA_20250831_TALHAO_29;2025-08-31;2025-08;TALHAO_29;FZ003;34,90;26;31,36;19,54;108,16;Alto;Desfavorável
CLIMA_20250831_TALHAO_30;2025-08-31;2025-08;TALHAO_30;FZ004;42,01;25;26,56;22,80;114,03;Alto;Desfavorável
CLIMA_20250831_TALHAO_31;2025-08-31;2025-08;TALHAO_31;FZ004;19,51;29;26,81;12;113,17;Alto;Desfavorável
CLIMA_20250831_TALHAO_32;2025-08-31;2025-08;TALHAO_32;FZ004;13,66;29;23,27;12;132,55;Alto;Desfavorável
CLIMA_20250831_TALHAO_33;2025-08-31;2025-08;TALHAO_33;FZ004;60,86;23;26,55;31,67;93,66;Alto;Desfavorável
CLIMA_20250831_TALHAO_34;2025-08-31;2025-08;TALHAO_34;FZ005;12,02;31;26,65;12;127,74;Alto;Desfavorável
CLIMA_20250831_TALHAO_35;2025-08-31;2025-08;TALHAO_35;FZ005;20,27;23;30,61;20,96;102,87;Alto;Desfavorável
CLIMA_20250831_TALHAO_36;2025-08-31;2025-08;TALHAO_36;FZ005;54,41;17;26,37;36,79;83,78;Alto;Desfavorável
CLIMA_20250831_TALHAO_37;2025-08-31;2025-08;TALHAO_37;FZ005;2,71;31;30,62;12;139,22;Alto;Desfavorável
CLIMA_20250831_TALHAO_38;2025-08-31;2025-08;TALHAO_38;FZ005;0;25;27,82;13,99;123,31;Alto;Desfavorável
CLIMA_20250831_TALHAO_39;2025-08-31;2025-08;TALHAO_39;FZ005;0,35;30;29,19;12;132,01;Alto;Desfavorável
CLIMA_20250831_TALHAO_40;2025-08-31;2025-08;TALHAO_40;FZ005;0;31;30,08;12;140,37;Alto;Desfavorável
CLIMA_20250930_TALHAO_01;2025-09-30;2025-09;TALHAO_01;FZ001;45,72;22;28,82;29,15;102,45;Alto;Desfavorável
CLIMA_20250930_TALHAO_02;2025-09-30;2025-09;TALHAO_02;FZ001;1,15;29;30,90;12;116,81;Alto;Desfavorável
CLIMA_20250930_TALHAO_03;2025-09-30;2025-09;TALHAO_03;FZ001;68,43;15;30,88;43,39;78,81;Alto;Desfavorável
CLIMA_20250930_TALHAO_04;2025-09-30;2025-09;TALHAO_04;FZ001;37,40;26;31,92;24,53;113,47;Alto;Desfavorável
CLIMA_20250930_TALHAO_05;2025-09-30;2025-09;TALHAO_05;FZ001;45,27;23;28,00;23,01;94,89;Alto;Desfavorável
CLIMA_20250930_TALHAO_06;2025-09-30;2025-09;TALHAO_06;FZ001;33,11;20;30,69;21,02;103,58;Alto;Desfavorável
CLIMA_20250930_TALHAO_07;2025-09-30;2025-09;TALHAO_07;FZ001;54,74;18;29,90;34,50;76,86;Alto;Desfavorável
CLIMA_20250930_TALHAO_08;2025-09-30;2025-09;TALHAO_08;FZ001;118,06;10;31,09;63,42;36,82;Médio;Atenção
CLIMA_20250930_TALHAO_09;2025-09-30;2025-09;TALHAO_09;FZ001;92,15;13;28,77;57,51;69,68;Alto;Desfavorável
CLIMA_20250930_TALHAO_10;2025-09-30;2025-09;TALHAO_10;FZ001;47,43;19;31,19;37,56;91,43;Alto;Desfavorável
CLIMA_20250930_TALHAO_11;2025-09-30;2025-09;TALHAO_11;FZ001;62,97;17;27,91;39,69;75,22;Alto;Desfavorável
CLIMA_20250930_TALHAO_12;2025-09-30;2025-09;TALHAO_12;FZ001;64,92;17;31,66;42,73;74,43;Alto;Desfavorável
CLIMA_20250930_TALHAO_13;2025-09-30;2025-09;TALHAO_13;FZ001;57,49;23;31,86;30,05;97,87;Alto;Desfavorável
CLIMA_20250930_TALHAO_14;2025-09-30;2025-09;TALHAO_14;FZ002;25,37;22;26,00;16,22;112,28;Alto;Desfavorável
CLIMA_20250930_TALHAO_15;2025-09-30;2025-09;TALHAO_15;FZ002;63,94;19;26,24;40,99;75,98;Alto;Desfavorável
CLIMA_20250930_TALHAO_16;2025-09-30;2025-09;TALHAO_16;FZ002;46,87;25;28,73;21,30;94,48;Alto;Desfavorável
CLIMA_20250930_TALHAO_17;2025-09-30;2025-09;TALHAO_17;FZ002;28,22;27;25,96;14,32;110,27;Alto;Desfavorável
CLIMA_20250930_TALHAO_18;2025-09-30;2025-09;TALHAO_18;FZ002;12,17;28;28,96;12;111,40;Alto;Desfavorável
CLIMA_20250930_TALHAO_19;2025-09-30;2025-09;TALHAO_19;FZ002;40,80;24;28,10;19,64;93,41;Alto;Desfavorável
CLIMA_20250930_TALHAO_20;2025-09-30;2025-09;TALHAO_20;FZ002;21,59;23;27,88;13,59;102,21;Alto;Desfavorável
CLIMA_20250930_TALHAO_21;2025-09-30;2025-09;TALHAO_21;FZ002;49,76;19;29,92;32,42;84,85;Alto;Desfavorável
CLIMA_20250930_TALHAO_22;2025-09-30;2025-09;TALHAO_22;FZ002;60,79;20;27,92;29,53;85,35;Alto;Desfavorável
CLIMA_20250930_TALHAO_23;2025-09-30;2025-09;TALHAO_23;FZ003;69,25;15;30,83;35,92;71,24;Alto;Desfavorável
CLIMA_20250930_TALHAO_24;2025-09-30;2025-09;TALHAO_24;FZ003;65,62;16;30,53;40,59;74,17;Alto;Desfavorável
CLIMA_20250930_TALHAO_25;2025-09-30;2025-09;TALHAO_25;FZ003;95,16;13;28,82;54,63;64,95;Médio;Atenção
CLIMA_20250930_TALHAO_26;2025-09-30;2025-09;TALHAO_26;FZ003;56,95;24;28,37;28,16;102,65;Alto;Desfavorável
CLIMA_20250930_TALHAO_27;2025-09-30;2025-09;TALHAO_27;FZ003;44,33;24;32,73;29,39;104,60;Alto;Desfavorável
CLIMA_20250930_TALHAO_28;2025-09-30;2025-09;TALHAO_28;FZ003;19,98;29;29,98;12,24;112,17;Alto;Desfavorável
CLIMA_20250930_TALHAO_29;2025-09-30;2025-09;TALHAO_29;FZ003;65,85;17;30,12;40,01;78,94;Alto;Desfavorável
CLIMA_20250930_TALHAO_30;2025-09-30;2025-09;TALHAO_30;FZ004;48,42;21;25,46;35,25;99,75;Alto;Desfavorável
CLIMA_20250930_TALHAO_31;2025-09-30;2025-09;TALHAO_31;FZ004;55,25;20;26,75;28,75;81,92;Alto;Desfavorável
CLIMA_20250930_TALHAO_32;2025-09-30;2025-09;TALHAO_32;FZ004;63,46;19;23,81;30,71;84,27;Alto;Desfavorável
CLIMA_20250930_TALHAO_33;2025-09-30;2025-09;TALHAO_33;FZ004;49,13;23;24,93;23,92;87,89;Alto;Desfavorável
CLIMA_20250930_TALHAO_34;2025-09-30;2025-09;TALHAO_34;FZ005;43,13;26;27,59;17,80;102,57;Alto;Desfavorável
CLIMA_20250930_TALHAO_35;2025-09-30;2025-09;TALHAO_35;FZ005;74,85;17;29,51;40,25;80,84;Alto;Desfavorável
CLIMA_20250930_TALHAO_36;2025-09-30;2025-09;TALHAO_36;FZ005;39,96;22;27,84;31,83;106,32;Alto;Desfavorável
CLIMA_20250930_TALHAO_37;2025-09-30;2025-09;TALHAO_37;FZ005;74,81;17;28,61;48,33;74,10;Alto;Desfavorável
CLIMA_20250930_TALHAO_38;2025-09-30;2025-09;TALHAO_38;FZ005;50,23;19;27,87;36,18;94,62;Alto;Desfavorável
CLIMA_20250930_TALHAO_39;2025-09-30;2025-09;TALHAO_39;FZ005;85,98;14;26,16;52,15;60,94;Médio;Atenção
CLIMA_20250930_TALHAO_40;2025-09-30;2025-09;TALHAO_40;FZ005;50,92;19;28,90;34,58;92,08;Alto;Desfavorável
CLIMA_20251031_TALHAO_01;2025-10-31;2025-10;TALHAO_01;FZ001;120,50;12;28,18;65,46;45,66;Médio;Atenção
CLIMA_20251031_TALHAO_02;2025-10-31;2025-10;TALHAO_02;FZ001;108,17;12;27,41;56,74;44,46;Médio;Atenção
CLIMA_20251031_TALHAO_03;2025-10-31;2025-10;TALHAO_03;FZ001;93,79;15;28,58;55,97;71,55;Alto;Desfavorável
CLIMA_20251031_TALHAO_04;2025-10-31;2025-10;TALHAO_04;FZ001;54,09;18;28,24;40,68;94,31;Alto;Desfavorável
CLIMA_20251031_TALHAO_05;2025-10-31;2025-10;TALHAO_05;FZ001;103,32;12;30,00;63,16;46,68;Médio;Atenção
CLIMA_20251031_TALHAO_06;2025-10-31;2025-10;TALHAO_06;FZ001;108,34;14;30,40;51,08;48,64;Médio;Atenção
CLIMA_20251031_TALHAO_07;2025-10-31;2025-10;TALHAO_07;FZ001;58,28;18;27,36;33,15;94,88;Alto;Desfavorável
CLIMA_20251031_TALHAO_08;2025-10-31;2025-10;TALHAO_08;FZ001;137,72;5;28,33;71,21;40,65;Médio;Atenção
CLIMA_20251031_TALHAO_09;2025-10-31;2025-10;TALHAO_09;FZ001;74,74;15;28,78;44,00;77,29;Alto;Desfavorável
CLIMA_20251031_TALHAO_10;2025-10-31;2025-10;TALHAO_10;FZ001;87,12;12;29,89;58,15;72,38;Alto;Desfavorável
CLIMA_20251031_TALHAO_11;2025-10-31;2025-10;TALHAO_11;FZ001;105,89;13;31,18;53,46;64,80;Médio;Atenção
CLIMA_20251031_TALHAO_12;2025-10-31;2025-10;TALHAO_12;FZ001;50,54;23;30,45;24,83;103,85;Alto;Desfavorável
CLIMA_20251031_TALHAO_13;2025-10-31;2025-10;TALHAO_13;FZ001;130,82;13;31,32;63,98;46,94;Médio;Atenção
CLIMA_20251031_TALHAO_14;2025-10-31;2025-10;TALHAO_14;FZ002;105,96;11;27,09;59,72;53,74;Médio;Atenção
CLIMA_20251031_TALHAO_15;2025-10-31;2025-10;TALHAO_15;FZ002;67,90;16;29,92;42,34;72,09;Alto;Desfavorável
CLIMA_20251031_TALHAO_16;2025-10-31;2025-10;TALHAO_16;FZ002;70,14;21;26,77;39,50;95,09;Alto;Desfavorável
CLIMA_20251031_TALHAO_17;2025-10-31;2025-10;TALHAO_17;FZ002;69,93;17;27,13;39,73;73,45;Alto;Desfavorável
CLIMA_20251031_TALHAO_18;2025-10-31;2025-10;TALHAO_18;FZ002;68,41;18;26,20;45,60;91,44;Alto;Desfavorável
CLIMA_20251031_TALHAO_19;2025-10-31;2025-10;TALHAO_19;FZ002;66,92;15;26,97;46,04;78,07;Alto;Desfavorável
CLIMA_20251031_TALHAO_20;2025-10-31;2025-10;TALHAO_20;FZ002;44,74;23;27,15;27,67;106,49;Alto;Desfavorável
CLIMA_20251031_TALHAO_21;2025-10-31;2025-10;TALHAO_21;FZ002;110,99;9;29,97;70,03;44,87;Médio;Atenção
CLIMA_20251031_TALHAO_22;2025-10-31;2025-10;TALHAO_22;FZ002;55,35;18;26,42;33,47;89,64;Alto;Desfavorável
CLIMA_20251031_TALHAO_23;2025-10-31;2025-10;TALHAO_23;FZ003;73,91;17;32,68;45,45;77,07;Alto;Desfavorável
CLIMA_20251031_TALHAO_24;2025-10-31;2025-10;TALHAO_24;FZ003;87,88;15;28,90;44,08;60,54;Médio;Atenção
CLIMA_20251031_TALHAO_25;2025-10-31;2025-10;TALHAO_25;FZ003;70,26;17;31,24;40,20;88,23;Alto;Desfavorável
CLIMA_20251031_TALHAO_26;2025-10-31;2025-10;TALHAO_26;FZ003;77,36;18;29,31;38,63;69,34;Alto;Desfavorável
CLIMA_20251031_TALHAO_27;2025-10-31;2025-10;TALHAO_27;FZ003;81,06;20;29,13;43,19;79,87;Alto;Desfavorável
CLIMA_20251031_TALHAO_28;2025-10-31;2025-10;TALHAO_28;FZ003;143,49;7;31,09;70,98;30,98;Baixo;Favorável
CLIMA_20251031_TALHAO_29;2025-10-31;2025-10;TALHAO_29;FZ003;73,60;15;28,12;49,71;84,43;Alto;Desfavorável
CLIMA_20251031_TALHAO_30;2025-10-31;2025-10;TALHAO_30;FZ004;137,03;8;26,35;67,58;40,18;Médio;Atenção
CLIMA_20251031_TALHAO_31;2025-10-31;2025-10;TALHAO_31;FZ004;151,34;8;23,12;76,57;30,40;Baixo;Favorável
CLIMA_20251031_TALHAO_32;2025-10-31;2025-10;TALHAO_32;FZ004;115,55;9;25,68;67,67;48,05;Médio;Atenção
CLIMA_20251031_TALHAO_33;2025-10-31;2025-10;TALHAO_33;FZ004;131,82;9;24,30;71,80;36,34;Médio;Atenção
CLIMA_20251031_TALHAO_34;2025-10-31;2025-10;TALHAO_34;FZ005;64,34;21;30,43;35,88;85,24;Alto;Desfavorável
CLIMA_20251031_TALHAO_35;2025-10-31;2025-10;TALHAO_35;FZ005;62,72;23;28,34;26,57;87,32;Alto;Desfavorável
CLIMA_20251031_TALHAO_36;2025-10-31;2025-10;TALHAO_36;FZ005;67,95;16;28,07;43,56;72,29;Alto;Desfavorável
CLIMA_20251031_TALHAO_37;2025-10-31;2025-10;TALHAO_37;FZ005;42,96;21;28,88;23,55;93,85;Alto;Desfavorável
CLIMA_20251031_TALHAO_38;2025-10-31;2025-10;TALHAO_38;FZ005;62,44;16;30,58;38,01;72,47;Alto;Desfavorável
CLIMA_20251031_TALHAO_39;2025-10-31;2025-10;TALHAO_39;FZ005;19,89;27;28,06;12;115,39;Alto;Desfavorável
CLIMA_20251031_TALHAO_40;2025-10-31;2025-10;TALHAO_40;FZ005;25,76;26;30,11;15,89;112,67;Alto;Desfavorável
CLIMA_20251130_TALHAO_01;2025-11-30;2025-11;TALHAO_01;FZ001;167,81;3;26,85;90,62;11,74;Baixo;Favorável
CLIMA_20251130_TALHAO_02;2025-11-30;2025-11;TALHAO_02;FZ001;63,42;20;28,08;38,41;85,35;Alto;Desfavorável
CLIMA_20251130_TALHAO_03;2025-11-30;2025-11;TALHAO_03;FZ001;98,75;15;29,65;49,13;58,32;Médio;Atenção
CLIMA_20251130_TALHAO_04;2025-11-30;2025-11;TALHAO_04;FZ001;109,58;16;27,12;62,11;57,19;Médio;Atenção
CLIMA_20251130_TALHAO_05;2025-11-30;2025-11;TALHAO_05;FZ001;122,07;10;26,21;63,12;48,25;Médio;Atenção
CLIMA_20251130_TALHAO_06;2025-11-30;2025-11;TALHAO_06;FZ001;150,42;7;27,13;86,23;34,03;Baixo;Favorável
CLIMA_20251130_TALHAO_07;2025-11-30;2025-11;TALHAO_07;FZ001;111,37;14;28,58;58,77;65,18;Alto;Desfavorável
CLIMA_20251130_TALHAO_08;2025-11-30;2025-11;TALHAO_08;FZ001;140,13;7;28,28;69,54;23,37;Baixo;Favorável
CLIMA_20251130_TALHAO_09;2025-11-30;2025-11;TALHAO_09;FZ001;99,23;17;29,17;47,05;57,52;Médio;Atenção
CLIMA_20251130_TALHAO_10;2025-11-30;2025-11;TALHAO_10;FZ001;138,84;11;28,83;71,81;44,25;Médio;Atenção
CLIMA_20251130_TALHAO_11;2025-11-30;2025-11;TALHAO_11;FZ001;120,54;15;26,59;66,05;51,20;Médio;Atenção
CLIMA_20251130_TALHAO_12;2025-11-30;2025-11;TALHAO_12;FZ001;109,91;9;29,33;67,13;48,05;Médio;Atenção
CLIMA_20251130_TALHAO_13;2025-11-30;2025-11;TALHAO_13;FZ001;135,29;6;28,67;75,50;33,27;Baixo;Favorável
CLIMA_20251130_TALHAO_14;2025-11-30;2025-11;TALHAO_14;FZ002;90,42;16;25,45;42,41;64,01;Médio;Atenção
CLIMA_20251130_TALHAO_15;2025-11-30;2025-11;TALHAO_15;FZ002;80,61;15;25,06;53,42;65,75;Alto;Desfavorável
CLIMA_20251130_TALHAO_16;2025-11-30;2025-11;TALHAO_16;FZ002;88,76;19;23,92;50,07;84,62;Alto;Desfavorável
CLIMA_20251130_TALHAO_17;2025-11-30;2025-11;TALHAO_17;FZ002;48,11;19;26,13;30,93;100,67;Alto;Desfavorável
CLIMA_20251130_TALHAO_18;2025-11-30;2025-11;TALHAO_18;FZ002;86,05;20;28,12;48,48;66,61;Alto;Desfavorável
CLIMA_20251130_TALHAO_19;2025-11-30;2025-11;TALHAO_19;FZ002;88,37;13;27,89;54,82;69,15;Alto;Desfavorável
CLIMA_20251130_TALHAO_20;2025-11-30;2025-11;TALHAO_20;FZ002;50,58;24;25,36;32,10;108,22;Alto;Desfavorável
CLIMA_20251130_TALHAO_21;2025-11-30;2025-11;TALHAO_21;FZ002;112,11;16;26,21;59,86;67,21;Alto;Desfavorável
CLIMA_20251130_TALHAO_22;2025-11-30;2025-11;TALHAO_22;FZ002;99,29;15;28,03;46,65;56,57;Médio;Atenção
CLIMA_20251130_TALHAO_23;2025-11-30;2025-11;TALHAO_23;FZ003;108,36;14;27,75;52,47;68,01;Alto;Desfavorável
CLIMA_20251130_TALHAO_24;2025-11-30;2025-11;TALHAO_24;FZ003;58,89;22;28,91;37,43;82,75;Alto;Desfavorável
CLIMA_20251130_TALHAO_25;2025-11-30;2025-11;TALHAO_25;FZ003;110,95;17;29,66;61,81;59,73;Médio;Atenção
CLIMA_20251130_TALHAO_26;2025-11-30;2025-11;TALHAO_26;FZ003;116,22;10;26,32;71,08;57,32;Médio;Atenção
CLIMA_20251130_TALHAO_27;2025-11-30;2025-11;TALHAO_27;FZ003;77,24;18;26,91;39,70;67,83;Alto;Desfavorável
CLIMA_20251130_TALHAO_28;2025-11-30;2025-11;TALHAO_28;FZ003;50,95;18;28,52;27,13;95,37;Alto;Desfavorável
CLIMA_20251130_TALHAO_29;2025-11-30;2025-11;TALHAO_29;FZ003;73,64;14;29,01;42,12;76,96;Alto;Desfavorável
CLIMA_20251130_TALHAO_30;2025-11-30;2025-11;TALHAO_30;FZ004;53,14;24;22,17;34,45;107,58;Alto;Desfavorável
CLIMA_20251130_TALHAO_31;2025-11-30;2025-11;TALHAO_31;FZ004;166,47;7;23,12;88,22;30,59;Baixo;Favorável
CLIMA_20251130_TALHAO_32;2025-11-30;2025-11;TALHAO_32;FZ004;94,36;17;23,44;50,71;71,22;Alto;Desfavorável
CLIMA_20251130_TALHAO_33;2025-11-30;2025-11;TALHAO_33;FZ004;158,06;4;21,58;87,35;24,35;Baixo;Favorável
CLIMA_20251130_TALHAO_34;2025-11-30;2025-11;TALHAO_34;FZ005;111,78;11;25,40;55,83;54,97;Médio;Atenção
CLIMA_20251130_TALHAO_35;2025-11-30;2025-11;TALHAO_35;FZ005;104,17;11;26,35;58,35;47,48;Médio;Atenção
CLIMA_20251130_TALHAO_36;2025-11-30;2025-11;TALHAO_36;FZ005;94,80;19;24,85;49,81;63,15;Médio;Atenção
CLIMA_20251130_TALHAO_37;2025-11-30;2025-11;TALHAO_37;FZ005;75,07;22;25,84;32,27;81,60;Alto;Desfavorável
CLIMA_20251130_TALHAO_38;2025-11-30;2025-11;TALHAO_38;FZ005;120,12;10;24,91;68,12;49,88;Médio;Atenção
CLIMA_20251130_TALHAO_39;2025-11-30;2025-11;TALHAO_39;FZ005;74,38;20;26,34;35,88;91,71;Alto;Desfavorável
CLIMA_20251130_TALHAO_40;2025-11-30;2025-11;TALHAO_40;FZ005;108,10;11;26,75;55,13;49,03;Médio;Atenção
CLIMA_20251231_TALHAO_01;2025-12-31;2025-12;TALHAO_01;FZ001;144,74;5;26,57;83,02;34,17;Baixo;Favorável
CLIMA_20251231_TALHAO_02;2025-12-31;2025-12;TALHAO_02;FZ001;155,98;6;28,17;77,65;32,76;Baixo;Favorável
CLIMA_20251231_TALHAO_03;2025-12-31;2025-12;TALHAO_03;FZ001;164,20;9;29,55;79,92;24,53;Baixo;Favorável
CLIMA_20251231_TALHAO_04;2025-12-31;2025-12;TALHAO_04;FZ001;143,83;10;28,57;71,05;26,17;Baixo;Favorável
CLIMA_20251231_TALHAO_05;2025-12-31;2025-12;TALHAO_05;FZ001;217,57;1;29,90;95;0;Baixo;Favorável
CLIMA_20251231_TALHAO_06;2025-12-31;2025-12;TALHAO_06;FZ001;143,86;8;26,83;83,09;23,38;Baixo;Favorável
CLIMA_20251231_TALHAO_07;2025-12-31;2025-12;TALHAO_07;FZ001;89,35;15;25,83;47,26;68,80;Alto;Desfavorável
CLIMA_20251231_TALHAO_08;2025-12-31;2025-12;TALHAO_08;FZ001;147,81;5;29,73;75,03;37,26;Médio;Atenção
CLIMA_20251231_TALHAO_09;2025-12-31;2025-12;TALHAO_09;FZ001;129,64;9;27,92;74,59;35,65;Médio;Atenção
CLIMA_20251231_TALHAO_10;2025-12-31;2025-12;TALHAO_10;FZ001;72,92;15;28,36;45,41;78,31;Alto;Desfavorável
CLIMA_20251231_TALHAO_11;2025-12-31;2025-12;TALHAO_11;FZ001;126,96;9;29,76;69,68;51,84;Médio;Atenção
CLIMA_20251231_TALHAO_12;2025-12-31;2025-12;TALHAO_12;FZ001;119,26;9;29,56;65,30;50,84;Médio;Atenção
CLIMA_20251231_TALHAO_13;2025-12-31;2025-12;TALHAO_13;FZ001;130,59;11;26,18;65,65;46,91;Médio;Atenção
CLIMA_20251231_TALHAO_14;2025-12-31;2025-12;TALHAO_14;FZ002;106,37;15;27,86;62,71;50,47;Médio;Atenção
CLIMA_20251231_TALHAO_15;2025-12-31;2025-12;TALHAO_15;FZ002;104,32;10;26,66;62,19;61,21;Médio;Atenção
CLIMA_20251231_TALHAO_16;2025-12-31;2025-12;TALHAO_16;FZ002;75,99;18;23,98;44,74;71,67;Alto;Desfavorável
CLIMA_20251231_TALHAO_17;2025-12-31;2025-12;TALHAO_17;FZ002;84,50;19;27,51;38,87;72,41;Alto;Desfavorável
CLIMA_20251231_TALHAO_18;2025-12-31;2025-12;TALHAO_18;FZ002;116,37;11;27,02;67,87;40,38;Médio;Atenção
CLIMA_20251231_TALHAO_19;2025-12-31;2025-12;TALHAO_19;FZ002;102,02;10;25,36;55,78;46,45;Médio;Atenção
CLIMA_20251231_TALHAO_20;2025-12-31;2025-12;TALHAO_20;FZ002;109,35;17;24,54;59,39;52,10;Médio;Atenção
CLIMA_20251231_TALHAO_21;2025-12-31;2025-12;TALHAO_21;FZ002;58,69;22;25,88;26,82;83,21;Alto;Desfavorável
CLIMA_20251231_TALHAO_22;2025-12-31;2025-12;TALHAO_22;FZ002;112,86;15;26,26;60,97;59,15;Médio;Atenção
CLIMA_20251231_TALHAO_23;2025-12-31;2025-12;TALHAO_23;FZ003;149,94;8;27,56;71,70;22,38;Baixo;Favorável
CLIMA_20251231_TALHAO_24;2025-12-31;2025-12;TALHAO_24;FZ003;129,29;11;30,57;74,62;51,49;Médio;Atenção
CLIMA_20251231_TALHAO_25;2025-12-31;2025-12;TALHAO_25;FZ003;121,35;9;26,92;67,19;51,23;Médio;Atenção
CLIMA_20251231_TALHAO_26;2025-12-31;2025-12;TALHAO_26;FZ003;77,71;19;29,27;47,77;74,45;Alto;Desfavorável
CLIMA_20251231_TALHAO_27;2025-12-31;2025-12;TALHAO_27;FZ003;133,49;13;30,38;73,86;39,74;Médio;Atenção
CLIMA_20251231_TALHAO_28;2025-12-31;2025-12;TALHAO_28;FZ003;170,45;5;27,84;83,76;20,27;Baixo;Favorável
CLIMA_20251231_TALHAO_29;2025-12-31;2025-12;TALHAO_29;FZ003;82,66;16;30,49;47,17;67,83;Alto;Desfavorável
CLIMA_20251231_TALHAO_30;2025-12-31;2025-12;TALHAO_30;FZ004;209,51;0;22,63;95;1,08;Baixo;Favorável
CLIMA_20251231_TALHAO_31;2025-12-31;2025-12;TALHAO_31;FZ004;138,20;7;23,55;79,39;36,54;Médio;Atenção
CLIMA_20251231_TALHAO_32;2025-12-31;2025-12;TALHAO_32;FZ004;201,79;0;23,65;95;0;Baixo;Favorável
CLIMA_20251231_TALHAO_33;2025-12-31;2025-12;TALHAO_33;FZ004;161,68;4;24,77;80,21;14,53;Baixo;Favorável
CLIMA_20251231_TALHAO_34;2025-12-31;2025-12;TALHAO_34;FZ005;88,35;16;27,63;52,68;70,33;Alto;Desfavorável
CLIMA_20251231_TALHAO_35;2025-12-31;2025-12;TALHAO_35;FZ005;81,88;14;24,27;54,47;71,57;Alto;Desfavorável
CLIMA_20251231_TALHAO_36;2025-12-31;2025-12;TALHAO_36;FZ005;102,78;16;25,33;52,19;62,12;Médio;Atenção
CLIMA_20251231_TALHAO_37;2025-12-31;2025-12;TALHAO_37;FZ005;97,60;17;26,09;46,47;64,27;Médio;Atenção
CLIMA_20251231_TALHAO_38;2025-12-31;2025-12;TALHAO_38;FZ005;106,78;14;24,23;62,52;69,08;Alto;Desfavorável
CLIMA_20251231_TALHAO_39;2025-12-31;2025-12;TALHAO_39;FZ005;140,05;10;27,59;74,96;46,40;Médio;Atenção
CLIMA_20251231_TALHAO_40;2025-12-31;2025-12;TALHAO_40;FZ005;102,79;15;25,21;48,72;57,14;Médio;Atenção
CLIMA_20260131_TALHAO_01;2026-01-31;2026-01;TALHAO_01;FZ001;194,68;3;29,46;95;0,12;Baixo;Favorável
CLIMA_20260131_TALHAO_02;2026-01-31;2026-01;TALHAO_02;FZ001;81,56;18;27,65;46,58;79,08;Alto;Desfavorável
CLIMA_20260131_TALHAO_03;2026-01-31;2026-01;TALHAO_03;FZ001;142,82;4;27,09;81,86;22,71;Baixo;Favorável
CLIMA_20260131_TALHAO_04;2026-01-31;2026-01;TALHAO_04;FZ001;157,25;7;25,65;83,16;28,84;Baixo;Favorável
CLIMA_20260131_TALHAO_05;2026-01-31;2026-01;TALHAO_05;FZ001;154,35;4;28,21;85,67;17,59;Baixo;Favorável
CLIMA_20260131_TALHAO_06;2026-01-31;2026-01;TALHAO_06;FZ001;158,69;4;26,20;86,82;11,47;Baixo;Favorável
CLIMA_20260131_TALHAO_07;2026-01-31;2026-01;TALHAO_07;FZ001;139,08;8;28,46;76,64;42,68;Médio;Atenção
CLIMA_20260131_TALHAO_08;2026-01-31;2026-01;TALHAO_08;FZ001;148,79;5;27,69;78,21;24,05;Baixo;Favorável
CLIMA_20260131_TALHAO_09;2026-01-31;2026-01;TALHAO_09;FZ001;154,22;5;29,69;87,34;34,75;Baixo;Favorável
CLIMA_20260131_TALHAO_10;2026-01-31;2026-01;TALHAO_10;FZ001;195,84;0;29,82;95;1,42;Baixo;Favorável
CLIMA_20260131_TALHAO_11;2026-01-31;2026-01;TALHAO_11;FZ001;155,03;3;29,31;85,99;31,58;Baixo;Favorável
CLIMA_20260131_TALHAO_12;2026-01-31;2026-01;TALHAO_12;FZ001;156,92;3;29,56;80,97;18,65;Baixo;Favorável
CLIMA_20260131_TALHAO_13;2026-01-31;2026-01;TALHAO_13;FZ001;181,25;2;27,45;94,16;17,31;Baixo;Favorável
CLIMA_20260131_TALHAO_14;2026-01-31;2026-01;TALHAO_14;FZ002;124,71;8;24,49;74,29;45,72;Médio;Atenção
CLIMA_20260131_TALHAO_15;2026-01-31;2026-01;TALHAO_15;FZ002;81,14;17;27,90;45,11;72,86;Alto;Desfavorável
CLIMA_20260131_TALHAO_16;2026-01-31;2026-01;TALHAO_16;FZ002;125,73;9;28,36;68,36;40,40;Médio;Atenção
CLIMA_20260131_TALHAO_17;2026-01-31;2026-01;TALHAO_17;FZ002;92,80;13;27,82;50,10;69,42;Alto;Desfavorável
CLIMA_20260131_TALHAO_18;2026-01-31;2026-01;TALHAO_18;FZ002;106,96;15;27,39;60,49;67,12;Alto;Desfavorável
CLIMA_20260131_TALHAO_19;2026-01-31;2026-01;TALHAO_19;FZ002;128,82;7;27,53;68,68;40,03;Médio;Atenção
CLIMA_20260131_TALHAO_20;2026-01-31;2026-01;TALHAO_20;FZ002;19,43;23;26,37;19,65;119,82;Alto;Desfavorável
CLIMA_20260131_TALHAO_21;2026-01-31;2026-01;TALHAO_21;FZ002;134,62;11;25,38;68,30;51,97;Médio;Atenção
CLIMA_20260131_TALHAO_22;2026-01-31;2026-01;TALHAO_22;FZ002;107,15;17;26,02;51,53;59,14;Médio;Atenção
CLIMA_20260131_TALHAO_23;2026-01-31;2026-01;TALHAO_23;FZ003;163,55;3;30,62;89,09;12,08;Baixo;Favorável
CLIMA_20260131_TALHAO_24;2026-01-31;2026-01;TALHAO_24;FZ003;107,90;15;30,10;52,92;49,92;Médio;Atenção
CLIMA_20260131_TALHAO_25;2026-01-31;2026-01;TALHAO_25;FZ003;149,21;8;27,94;72,02;24,48;Baixo;Favorável
CLIMA_20260131_TALHAO_26;2026-01-31;2026-01;TALHAO_26;FZ003;83,68;21;29,88;46,29;74,65;Alto;Desfavorável
CLIMA_20260131_TALHAO_27;2026-01-31;2026-01;TALHAO_27;FZ003;132,29;9;28,28;68,62;40,60;Médio;Atenção
CLIMA_20260131_TALHAO_28;2026-01-31;2026-01;TALHAO_28;FZ003;99,51;15;26,28;55,70;71,10;Alto;Desfavorável
CLIMA_20260131_TALHAO_29;2026-01-31;2026-01;TALHAO_29;FZ003;148,30;10;30,54;81,50;37,76;Médio;Atenção
CLIMA_20260131_TALHAO_30;2026-01-31;2026-01;TALHAO_30;FZ004;146,56;9;21,05;73,86;31,88;Baixo;Favorável
CLIMA_20260131_TALHAO_31;2026-01-31;2026-01;TALHAO_31;FZ004;203,69;1;21,27;95;4,89;Baixo;Favorável
CLIMA_20260131_TALHAO_32;2026-01-31;2026-01;TALHAO_32;FZ004;139,61;11;21,87;73,72;32,90;Baixo;Favorável
CLIMA_20260131_TALHAO_33;2026-01-31;2026-01;TALHAO_33;FZ004;159,17;5;24,37;87,32;32,24;Baixo;Favorável
CLIMA_20260131_TALHAO_34;2026-01-31;2026-01;TALHAO_34;FZ005;110,11;10;24,41;66,92;56,56;Médio;Atenção
CLIMA_20260131_TALHAO_35;2026-01-31;2026-01;TALHAO_35;FZ005;155,80;3;27,38;90,59;31,08;Baixo;Favorável
CLIMA_20260131_TALHAO_36;2026-01-31;2026-01;TALHAO_36;FZ005;95,61;11;26,90;52,85;56,96;Médio;Atenção
CLIMA_20260131_TALHAO_37;2026-01-31;2026-01;TALHAO_37;FZ005;151,06;5;25,41;84,30;17,19;Baixo;Favorável
CLIMA_20260131_TALHAO_38;2026-01-31;2026-01;TALHAO_38;FZ005;123,84;10;26,68;63,01;41,49;Médio;Atenção
CLIMA_20260131_TALHAO_39;2026-01-31;2026-01;TALHAO_39;FZ005;135,15;10;27,13;65,39;50,21;Médio;Atenção
CLIMA_20260131_TALHAO_40;2026-01-31;2026-01;TALHAO_40;FZ005;112,28;13;25,50;60,57;54,91;Médio;Atenção
CLIMA_20260228_TALHAO_01;2026-02-28;2026-02;TALHAO_01;FZ001;145,97;8;27,51;75,54;33,72;Baixo;Favorável
CLIMA_20260228_TALHAO_02;2026-02-28;2026-02;TALHAO_02;FZ001;128,97;6;27,03;67,23;33,33;Baixo;Favorável
CLIMA_20260228_TALHAO_03;2026-02-28;2026-02;TALHAO_03;FZ001;154,87;5;26,98;82,38;14,62;Baixo;Favorável
CLIMA_20260228_TALHAO_04;2026-02-28;2026-02;TALHAO_04;FZ001;146,13;5;29,98;84,15;36,96;Médio;Atenção
CLIMA_20260228_TALHAO_05;2026-02-28;2026-02;TALHAO_05;FZ001;188,51;4;28,12;95;16,63;Baixo;Favorável
CLIMA_20260228_TALHAO_06;2026-02-28;2026-02;TALHAO_06;FZ001;138,08;9;28,79;78,91;43,19;Médio;Atenção
CLIMA_20260228_TALHAO_07;2026-02-28;2026-02;TALHAO_07;FZ001;149,72;8;29,33;76,85;36,66;Médio;Atenção
CLIMA_20260228_TALHAO_08;2026-02-28;2026-02;TALHAO_08;FZ001;166,19;5;29,82;81,09;21,05;Baixo;Favorável
CLIMA_20260228_TALHAO_09;2026-02-28;2026-02;TALHAO_09;FZ001;180,72;0;28,59;95;12,59;Baixo;Favorável
CLIMA_20260228_TALHAO_10;2026-02-28;2026-02;TALHAO_10;FZ001;62,12;19;27,83;33,98;96,06;Alto;Desfavorável
CLIMA_20260228_TALHAO_11;2026-02-28;2026-02;TALHAO_11;FZ001;173,81;0;29,40;95;15,25;Baixo;Favorável
CLIMA_20260228_TALHAO_12;2026-02-28;2026-02;TALHAO_12;FZ001;123,72;10;28,61;73,74;54,04;Médio;Atenção
CLIMA_20260228_TALHAO_13;2026-02-28;2026-02;TALHAO_13;FZ001;164,77;9;27,10;86,10;18,13;Baixo;Favorável
CLIMA_20260228_TALHAO_14;2026-02-28;2026-02;TALHAO_14;FZ002;82,74;15;26,23;49,54;74,92;Alto;Desfavorável
CLIMA_20260228_TALHAO_15;2026-02-28;2026-02;TALHAO_15;FZ002;112,77;15;27,84;62,43;60,36;Médio;Atenção
CLIMA_20260228_TALHAO_16;2026-02-28;2026-02;TALHAO_16;FZ002;71,78;21;23,96;34,97;76,76;Alto;Desfavorável
CLIMA_20260228_TALHAO_17;2026-02-28;2026-02;TALHAO_17;FZ002;75,82;17;27,72;45,56;84,93;Alto;Desfavorável
CLIMA_20260228_TALHAO_18;2026-02-28;2026-02;TALHAO_18;FZ002;143,32;6;25,15;83,48;23,20;Baixo;Favorável
CLIMA_20260228_TALHAO_19;2026-02-28;2026-02;TALHAO_19;FZ002;119,99;10;28,35;72,02;47,96;Médio;Atenção
CLIMA_20260228_TALHAO_20;2026-02-28;2026-02;TALHAO_20;FZ002;125,95;9;24,51;73,61;51,14;Médio;Atenção
CLIMA_20260228_TALHAO_21;2026-02-28;2026-02;TALHAO_21;FZ002;123,55;9;28,06;70,70;39,61;Médio;Atenção
CLIMA_20260228_TALHAO_22;2026-02-28;2026-02;TALHAO_22;FZ002;117,23;13;25,29;57,46;50,83;Médio;Atenção
CLIMA_20260228_TALHAO_23;2026-02-28;2026-02;TALHAO_23;FZ003;102,86;17;30,32;52,11;57,42;Médio;Atenção
CLIMA_20260228_TALHAO_24;2026-02-28;2026-02;TALHAO_24;FZ003;158,71;10;27,65;74,20;27,73;Baixo;Favorável
CLIMA_20260228_TALHAO_25;2026-02-28;2026-02;TALHAO_25;FZ003;104,66;12;30,46;63,33;46,75;Médio;Atenção
CLIMA_20260228_TALHAO_26;2026-02-28;2026-02;TALHAO_26;FZ003;129,94;8;28,22;64,86;40,27;Médio;Atenção
CLIMA_20260228_TALHAO_27;2026-02-28;2026-02;TALHAO_27;FZ003;72,18;15;27,77;50,73;76,16;Alto;Desfavorável
CLIMA_20260228_TALHAO_28;2026-02-28;2026-02;TALHAO_28;FZ003;142,99;4;27,15;75,39;32,07;Baixo;Favorável
CLIMA_20260228_TALHAO_29;2026-02-28;2026-02;TALHAO_29;FZ003;120,82;8;26,21;63,52;36,04;Médio;Atenção
CLIMA_20260228_TALHAO_30;2026-02-28;2026-02;TALHAO_30;FZ004;201,58;2;20,62;95;7,02;Baixo;Favorável
CLIMA_20260228_TALHAO_31;2026-02-28;2026-02;TALHAO_31;FZ004;134,58;10;24,27;67,28;40,11;Médio;Atenção
CLIMA_20260228_TALHAO_32;2026-02-28;2026-02;TALHAO_32;FZ004;197,47;0;22,12;95;5,12;Baixo;Favorável
CLIMA_20260228_TALHAO_33;2026-02-28;2026-02;TALHAO_33;FZ004;194,59;0;23,01;95;0;Baixo;Favorável
CLIMA_20260228_TALHAO_34;2026-02-28;2026-02;TALHAO_34;FZ005;101,71;12;27,91;58,99;65,84;Alto;Desfavorável
CLIMA_20260228_TALHAO_35;2026-02-28;2026-02;TALHAO_35;FZ005;50,26;24;24,11;22,38;95,11;Alto;Desfavorável
CLIMA_20260228_TALHAO_36;2026-02-28;2026-02;TALHAO_36;FZ005;110,62;16;24,66;57,45;58,88;Médio;Atenção
CLIMA_20260228_TALHAO_37;2026-02-28;2026-02;TALHAO_37;FZ005;105,00;17;26,67;51,59;56,89;Médio;Atenção
CLIMA_20260228_TALHAO_38;2026-02-28;2026-02;TALHAO_38;FZ005;119,57;15;24,75;58,26;49,26;Médio;Atenção
CLIMA_20260228_TALHAO_39;2026-02-28;2026-02;TALHAO_39;FZ005;119,23;15;26,12;60,73;51,67;Médio;Atenção
CLIMA_20260228_TALHAO_40;2026-02-28;2026-02;TALHAO_40;FZ005;85,66;17;24,81;52,96;69,43;Alto;Desfavorável
CLIMA_20260331_TALHAO_01;2026-03-31;2026-03;TALHAO_01;FZ001;148,12;5;27,70;85,99;17,55;Baixo;Favorável
CLIMA_20260331_TALHAO_02;2026-03-31;2026-03;TALHAO_02;FZ001;78,35;17;27,03;40,90;75,15;Alto;Desfavorável
CLIMA_20260331_TALHAO_03;2026-03-31;2026-03;TALHAO_03;FZ001;108,67;10;29,20;58,84;56,21;Médio;Atenção
CLIMA_20260331_TALHAO_04;2026-03-31;2026-03;TALHAO_04;FZ001;92,37;14;27,83;49,87;70,43;Alto;Desfavorável
CLIMA_20260331_TALHAO_05;2026-03-31;2026-03;TALHAO_05;FZ001;125,93;7;27,95;74,35;41,93;Médio;Atenção
CLIMA_20260331_TALHAO_06;2026-03-31;2026-03;TALHAO_06;FZ001;117,53;11;26,58;60,28;39,49;Médio;Atenção
CLIMA_20260331_TALHAO_07;2026-03-31;2026-03;TALHAO_07;FZ001;117,25;11;28,48;58,26;57,47;Médio;Atenção
CLIMA_20260331_TALHAO_08;2026-03-31;2026-03;TALHAO_08;FZ001;123,99;8;25,48;72,71;45,27;Médio;Atenção
CLIMA_20260331_TALHAO_09;2026-03-31;2026-03;TALHAO_09;FZ001;112,25;12;29,28;65,77;60,00;Médio;Atenção
CLIMA_20260331_TALHAO_10;2026-03-31;2026-03;TALHAO_10;FZ001;142,67;7;27,77;79,69;27,95;Baixo;Favorável
CLIMA_20260331_TALHAO_11;2026-03-31;2026-03;TALHAO_11;FZ001;83,56;13;29,26;48,70;71,76;Alto;Desfavorável
CLIMA_20260331_TALHAO_12;2026-03-31;2026-03;TALHAO_12;FZ001;131,43;11;27,51;74,38;52,79;Médio;Atenção
CLIMA_20260331_TALHAO_13;2026-03-31;2026-03;TALHAO_13;FZ001;150,96;5;26,68;87,47;28,97;Baixo;Favorável
CLIMA_20260331_TALHAO_14;2026-03-31;2026-03;TALHAO_14;FZ002;98,48;15;26,15;50,92;58,99;Médio;Atenção
CLIMA_20260331_TALHAO_15;2026-03-31;2026-03;TALHAO_15;FZ002;53,32;21;27,68;31,46;98,81;Alto;Desfavorável
CLIMA_20260331_TALHAO_16;2026-03-31;2026-03;TALHAO_16;FZ002;106,39;12;27,16;53,09;51,13;Médio;Atenção
CLIMA_20260331_TALHAO_17;2026-03-31;2026-03;TALHAO_17;FZ002;87,52;15;24,57;45,02;73,55;Alto;Desfavorável
CLIMA_20260331_TALHAO_18;2026-03-31;2026-03;TALHAO_18;FZ002;104,65;10;23,78;58,25;46,10;Médio;Atenção
CLIMA_20260331_TALHAO_19;2026-03-31;2026-03;TALHAO_19;FZ002;69,12;18;27,10;38,70;77,22;Alto;Desfavorável
CLIMA_20260331_TALHAO_20;2026-03-31;2026-03;TALHAO_20;FZ002;24,44;26;26,33;13,25;101,81;Alto;Desfavorável
CLIMA_20260331_TALHAO_21;2026-03-31;2026-03;TALHAO_21;FZ002;53,65;19;27,99;29,42;94,82;Alto;Desfavorável
CLIMA_20260331_TALHAO_22;2026-03-31;2026-03;TALHAO_22;FZ002;37,70;27;24,11;23,98;116,35;Alto;Desfavorável
CLIMA_20260331_TALHAO_23;2026-03-31;2026-03;TALHAO_23;FZ003;97,87;18;29,78;43,64;79,66;Alto;Desfavorável
CLIMA_20260331_TALHAO_24;2026-03-31;2026-03;TALHAO_24;FZ003;123,60;7;29,52;66,23;46,97;Médio;Atenção
CLIMA_20260331_TALHAO_25;2026-03-31;2026-03;TALHAO_25;FZ003;111,25;15;30,54;55,88;64,83;Médio;Atenção
CLIMA_20260331_TALHAO_26;2026-03-31;2026-03;TALHAO_26;FZ003;106,50;11;27,55;53,62;56,19;Médio;Atenção
CLIMA_20260331_TALHAO_27;2026-03-31;2026-03;TALHAO_27;FZ003;103,84;17;27,12;59,71;70,63;Alto;Desfavorável
CLIMA_20260331_TALHAO_28;2026-03-31;2026-03;TALHAO_28;FZ003;56,76;23;28,15;33,67;97,51;Alto;Desfavorável
CLIMA_20260331_TALHAO_29;2026-03-31;2026-03;TALHAO_29;FZ003;105,66;17;26,88;55,93;62,89;Médio;Atenção
CLIMA_20260331_TALHAO_30;2026-03-31;2026-03;TALHAO_30;FZ004;89,99;15;24,19;45,57;61,62;Médio;Atenção
CLIMA_20260331_TALHAO_31;2026-03-31;2026-03;TALHAO_31;FZ004;154,59;10;21,12;80,25;24,54;Baixo;Favorável
CLIMA_20260331_TALHAO_32;2026-03-31;2026-03;TALHAO_32;FZ004;138,62;11;21,11;71,40;42,41;Médio;Atenção
CLIMA_20260331_TALHAO_33;2026-03-31;2026-03;TALHAO_33;FZ004;164,39;7;24,34;77,94;30,44;Baixo;Favorável
CLIMA_20260331_TALHAO_34;2026-03-31;2026-03;TALHAO_34;FZ005;79,37;20;26,61;45,64;72,19;Alto;Desfavorável
CLIMA_20260331_TALHAO_35;2026-03-31;2026-03;TALHAO_35;FZ005;124,22;10;26,04;64,61;51,27;Médio;Atenção
CLIMA_20260331_TALHAO_36;2026-03-31;2026-03;TALHAO_36;FZ005;87,82;17;26,61;44,88;62,63;Médio;Atenção
CLIMA_20260331_TALHAO_37;2026-03-31;2026-03;TALHAO_37;FZ005;112,41;12;26,07;60,65;43,85;Médio;Atenção
CLIMA_20260331_TALHAO_38;2026-03-31;2026-03;TALHAO_38;FZ005;130,59;13;27,45;68,38;44,33;Médio;Atenção
CLIMA_20260331_TALHAO_39;2026-03-31;2026-03;TALHAO_39;FZ005;117,25;16;24,37;60,16;46,93;Médio;Atenção
CLIMA_20260331_TALHAO_40;2026-03-31;2026-03;TALHAO_40;FZ005;134,84;10;24,60;64,36;33,98;Baixo;Favorável
CLIMA_20260430_TALHAO_01;2026-04-30;2026-04;TALHAO_01;FZ001;95,41;18;27,19;47,05;77,02;Alto;Desfavorável
CLIMA_20260430_TALHAO_02;2026-04-30;2026-04;TALHAO_02;FZ001;85,37;19;28,07;47,57;65,75;Alto;Desfavorável
CLIMA_20260430_TALHAO_03;2026-04-30;2026-04;TALHAO_03;FZ001;75,06;20;29,88;43,10;77,01;Alto;Desfavorável
CLIMA_20260430_TALHAO_04;2026-04-30;2026-04;TALHAO_04;FZ001;108,45;11;27,46;64,60;60,23;Médio;Atenção
CLIMA_20260430_TALHAO_05;2026-04-30;2026-04;TALHAO_05;FZ001;96,31;14;29,03;56,72;66,15;Alto;Desfavorável
CLIMA_20260430_TALHAO_06;2026-04-30;2026-04;TALHAO_06;FZ001;85,52;19;25,76;41,58;78,56;Alto;Desfavorável
CLIMA_20260430_TALHAO_07;2026-04-30;2026-04;TALHAO_07;FZ001;109,59;16;28,96;57,88;71,34;Alto;Desfavorável
CLIMA_20260430_TALHAO_08;2026-04-30;2026-04;TALHAO_08;FZ001;83,67;18;25,81;42,86;71,95;Alto;Desfavorável
CLIMA_20260430_TALHAO_09;2026-04-30;2026-04;TALHAO_09;FZ001;127,61;7;28,42;64,64;48,23;Médio;Atenção
CLIMA_20260430_TALHAO_10;2026-04-30;2026-04;TALHAO_10;FZ001;50,65;22;28,41;35,26;87,49;Alto;Desfavorável
CLIMA_20260430_TALHAO_11;2026-04-30;2026-04;TALHAO_11;FZ001;72,66;19;28,85;36,27;74,90;Alto;Desfavorável
CLIMA_20260430_TALHAO_12;2026-04-30;2026-04;TALHAO_12;FZ001;87,89;13;27,98;52,31;67,35;Alto;Desfavorável
CLIMA_20260430_TALHAO_13;2026-04-30;2026-04;TALHAO_13;FZ001;72,90;14;29,53;39,03;83,68;Alto;Desfavorável
CLIMA_20260430_TALHAO_14;2026-04-30;2026-04;TALHAO_14;FZ002;86,24;14;25,27;43,78;76,03;Alto;Desfavorável
CLIMA_20260430_TALHAO_15;2026-04-30;2026-04;TALHAO_15;FZ002;54,35;18;26,66;30,23;78,43;Alto;Desfavorável
CLIMA_20260430_TALHAO_16;2026-04-30;2026-04;TALHAO_16;FZ002;80,09;16;24,92;42,49;78,52;Alto;Desfavorável
CLIMA_20260430_TALHAO_17;2026-04-30;2026-04;TALHAO_17;FZ002;52,76;18;27,87;27,91;88,40;Alto;Desfavorável
CLIMA_20260430_TALHAO_18;2026-04-30;2026-04;TALHAO_18;FZ002;64,74;22;24,54;41,30;82,57;Alto;Desfavorável
CLIMA_20260430_TALHAO_19;2026-04-30;2026-04;TALHAO_19;FZ002;72,22;21;26,86;43,20;92,40;Alto;Desfavorável
CLIMA_20260430_TALHAO_20;2026-04-30;2026-04;TALHAO_20;FZ002;37,25;22;26,61;18,08;96,58;Alto;Desfavorável
CLIMA_20260430_TALHAO_21;2026-04-30;2026-04;TALHAO_21;FZ002;81,65;14;26,93;47,13;75,45;Alto;Desfavorável
CLIMA_20260430_TALHAO_22;2026-04-30;2026-04;TALHAO_22;FZ002;60,70;22;24,87;31,90;81,10;Alto;Desfavorável
CLIMA_20260430_TALHAO_23;2026-04-30;2026-04;TALHAO_23;FZ003;123,96;7;29,42;73,46;41,69;Médio;Atenção
CLIMA_20260430_TALHAO_24;2026-04-30;2026-04;TALHAO_24;FZ003;93,70;15;26,33;49,71;54,70;Médio;Atenção
CLIMA_20260430_TALHAO_25;2026-04-30;2026-04;TALHAO_25;FZ003;46,75;24;29,86;20,99;98,20;Alto;Desfavorável
CLIMA_20260430_TALHAO_26;2026-04-30;2026-04;TALHAO_26;FZ003;71,22;20;26,15;41,55;84,72;Alto;Desfavorável
CLIMA_20260430_TALHAO_27;2026-04-30;2026-04;TALHAO_27;FZ003;69,12;17;30,20;37,34;76,78;Alto;Desfavorável
CLIMA_20260430_TALHAO_28;2026-04-30;2026-04;TALHAO_28;FZ003;142,43;4;29,41;86,38;29,86;Baixo;Favorável
CLIMA_20260430_TALHAO_29;2026-04-30;2026-04;TALHAO_29;FZ003;68,67;18;26,29;36,24;87,45;Alto;Desfavorável
CLIMA_20260430_TALHAO_30;2026-04-30;2026-04;TALHAO_30;FZ004;142,31;12;23,69;74,07;32,99;Baixo;Favorável
CLIMA_20260430_TALHAO_31;2026-04-30;2026-04;TALHAO_31;FZ004;126,76;10;24,14;62,39;39,83;Médio;Atenção
CLIMA_20260430_TALHAO_32;2026-04-30;2026-04;TALHAO_32;FZ004;112,77;14;21,68;54,61;57,48;Médio;Atenção
CLIMA_20260430_TALHAO_33;2026-04-30;2026-04;TALHAO_33;FZ004;186,88;5;22,78;95;20,30;Baixo;Favorável
CLIMA_20260430_TALHAO_34;2026-04-30;2026-04;TALHAO_34;FZ005;83,93;20;28,75;46,62;72,73;Alto;Desfavorável
CLIMA_20260430_TALHAO_35;2026-04-30;2026-04;TALHAO_35;FZ005;30,03;28;28,47;14,16;112,09;Alto;Desfavorável
CLIMA_20260430_TALHAO_36;2026-04-30;2026-04;TALHAO_36;FZ005;22,07;27;25,14;18,90;111,97;Alto;Desfavorável
CLIMA_20260430_TALHAO_37;2026-04-30;2026-04;TALHAO_37;FZ005;91,20;13;24,53;57,93;68,70;Alto;Desfavorável
CLIMA_20260430_TALHAO_38;2026-04-30;2026-04;TALHAO_38;FZ005;13,94;23;28,12;18,29;117,48;Alto;Desfavorável
CLIMA_20260430_TALHAO_39;2026-04-30;2026-04;TALHAO_39;FZ005;87,84;14;24,34;50,46;56,62;Médio;Atenção
CLIMA_20260430_TALHAO_40;2026-04-30;2026-04;TALHAO_40;FZ005;85,31;18;26,18;46,19;83,88;Alto;Desfavorável
CLIMA_20260531_TALHAO_01;2026-05-31;2026-05;TALHAO_01;FZ001;85,45;13;25,57;43,79;61,54;Médio;Atenção
CLIMA_20260531_TALHAO_02;2026-05-31;2026-05;TALHAO_02;FZ001;26,04;27;27,22;16,01;104,46;Alto;Desfavorável
CLIMA_20260531_TALHAO_03;2026-05-31;2026-05;TALHAO_03;FZ001;71,19;15;29,01;36,62;74,54;Alto;Desfavorável
CLIMA_20260531_TALHAO_04;2026-05-31;2026-05;TALHAO_04;FZ001;49,57;18;28,57;32,01;87,59;Alto;Desfavorável
CLIMA_20260531_TALHAO_05;2026-05-31;2026-05;TALHAO_05;FZ001;70,94;17;28,17;38,28;74,00;Alto;Desfavorável
CLIMA_20260531_TALHAO_06;2026-05-31;2026-05;TALHAO_06;FZ001;56,10;23;27,01;28,41;95,63;Alto;Desfavorável
CLIMA_20260531_TALHAO_07;2026-05-31;2026-05;TALHAO_07;FZ001;42,20;25;29,20;21,79;97,04;Alto;Desfavorável
CLIMA_20260531_TALHAO_08;2026-05-31;2026-05;TALHAO_08;FZ001;35,99;27;26,67;25,25;109,56;Alto;Desfavorável
CLIMA_20260531_TALHAO_09;2026-05-31;2026-05;TALHAO_09;FZ001;38,49;23;29,81;20,00;91,23;Alto;Desfavorável
CLIMA_20260531_TALHAO_10;2026-05-31;2026-05;TALHAO_10;FZ001;95,77;18;28,59;45,96;73,30;Alto;Desfavorável
CLIMA_20260531_TALHAO_11;2026-05-31;2026-05;TALHAO_11;FZ001;52,99;22;26,33;28,25;91,64;Alto;Desfavorável
CLIMA_20260531_TALHAO_12;2026-05-31;2026-05;TALHAO_12;FZ001;133,38;13;29,76;64,90;43,13;Médio;Atenção
CLIMA_20260531_TALHAO_13;2026-05-31;2026-05;TALHAO_13;FZ001;33,42;22;29,51;20,34;108,07;Alto;Desfavorável
CLIMA_20260531_TALHAO_14;2026-05-31;2026-05;TALHAO_14;FZ002;22,08;25;24,42;16,79;117,82;Alto;Desfavorável
CLIMA_20260531_TALHAO_15;2026-05-31;2026-05;TALHAO_15;FZ002;37,37;23;24,13;18,05;98,44;Alto;Desfavorável
CLIMA_20260531_TALHAO_16;2026-05-31;2026-05;TALHAO_16;FZ002;59,06;20;25,43;35,86;90,02;Alto;Desfavorável
CLIMA_20260531_TALHAO_17;2026-05-31;2026-05;TALHAO_17;FZ002;21,87;24;26,21;17,08;109,21;Alto;Desfavorável
CLIMA_20260531_TALHAO_18;2026-05-31;2026-05;TALHAO_18;FZ002;105,56;12;25,85;64,14;47,51;Médio;Atenção
CLIMA_20260531_TALHAO_19;2026-05-31;2026-05;TALHAO_19;FZ002;12,05;30;26,12;12;121,68;Alto;Desfavorável
CLIMA_20260531_TALHAO_20;2026-05-31;2026-05;TALHAO_20;FZ002;20,88;25;25,64;14,12;114,98;Alto;Desfavorável
CLIMA_20260531_TALHAO_21;2026-05-31;2026-05;TALHAO_21;FZ002;78,88;15;24,76;49,96;82,46;Alto;Desfavorável
CLIMA_20260531_TALHAO_22;2026-05-31;2026-05;TALHAO_22;FZ002;36,05;25;25,34;26,19;113,57;Alto;Desfavorável
CLIMA_20260531_TALHAO_23;2026-05-31;2026-05;TALHAO_23;FZ003;81,62;17;26,51;39,55;63,52;Médio;Atenção
CLIMA_20260531_TALHAO_24;2026-05-31;2026-05;TALHAO_24;FZ003;40,52;24;26,95;25,60;93,52;Alto;Desfavorável
CLIMA_20260531_TALHAO_25;2026-05-31;2026-05;TALHAO_25;FZ003;21,50;23;29,70;18,51;100,76;Alto;Desfavorável
CLIMA_20260531_TALHAO_26;2026-05-31;2026-05;TALHAO_26;FZ003;49,49;20;29,34;30,95;87,37;Alto;Desfavorável
CLIMA_20260531_TALHAO_27;2026-05-31;2026-05;TALHAO_27;FZ003;90,01;12;30,38;52,58;63,76;Médio;Atenção
CLIMA_20260531_TALHAO_28;2026-05-31;2026-05;TALHAO_28;FZ003;46,24;25;28,12;26,60;92,55;Alto;Desfavorável
CLIMA_20260531_TALHAO_29;2026-05-31;2026-05;TALHAO_29;FZ003;37,07;20;28,00;24,62;91,13;Alto;Desfavorável
CLIMA_20260531_TALHAO_30;2026-05-31;2026-05;TALHAO_30;FZ004;95,54;11;21,83;62,55;48,52;Médio;Atenção
CLIMA_20260531_TALHAO_31;2026-05-31;2026-05;TALHAO_31;FZ004;128,15;11;23,21;62,35;53,50;Médio;Atenção
CLIMA_20260531_TALHAO_32;2026-05-31;2026-05;TALHAO_32;FZ004;96,88;18;23,25;50,33;70,67;Alto;Desfavorável
CLIMA_20260531_TALHAO_33;2026-05-31;2026-05;TALHAO_33;FZ004;73,20;18;23,09;43,71;77,07;Alto;Desfavorável
CLIMA_20260531_TALHAO_34;2026-05-31;2026-05;TALHAO_34;FZ005;52,21;18;25,39;32,18;89,54;Alto;Desfavorável
CLIMA_20260531_TALHAO_35;2026-05-31;2026-05;TALHAO_35;FZ005;48,29;22;24,38;32,89;102,04;Alto;Desfavorável
CLIMA_20260531_TALHAO_36;2026-05-31;2026-05;TALHAO_36;FZ005;4,54;26;27,79;12;109,96;Alto;Desfavorável
CLIMA_20260531_TALHAO_37;2026-05-31;2026-05;TALHAO_37;FZ005;54,22;23;28,22;25,52;91,27;Alto;Desfavorável
CLIMA_20260531_TALHAO_38;2026-05-31;2026-05;TALHAO_38;FZ005;27,69;21;27,20;17,65;100,22;Alto;Desfavorável
CLIMA_20260531_TALHAO_39;2026-05-31;2026-05;TALHAO_39;FZ005;45,20;19;25,03;32,44;93,61;Alto;Desfavorável
CLIMA_20260531_TALHAO_40;2026-05-31;2026-05;TALHAO_40;FZ005;59,61;18;28,05;40,25;84,42;Alto;Desfavorável
