id_registro_saude;data;id_talhao;id_fazenda;id_cultura;id_status;score_saude;indice_vigor;uniformidade_percentual;area_saudavel_ha;area_atencao_ha;area_critica_ha;produtividade_estimada;produtividade_historica;desvio_produtividade_percentual
SAUDE_20260302_TALHAO_01;2026-03-02;TALHAO_01;FZ001;CUL001;ST002;76,80;76,30;70,20;272,00;100,66;7,61;59,62;63,41;-5,97
SAUDE_20260302_TALHAO_02;2026-03-02;TALHAO_02;FZ001;CUL002;ST001;82,20;84,80;90,10;66,59;19,40;1,18;124,73;128,32;-2,80
SAUDE_20260302_TALHAO_03;2026-03-02;TALHAO_03;FZ001;CUL003;ST001;84,10;87,80;88,70;54,51;7,97;1,22;54,03;53,38;1,22
SAUDE_20260302_TALHAO_04;2026-03-02;TALHAO_04;FZ001;CUL004;ST002;67,90;66,00;69,50;39,17;18,47;4,91;36,94;41,03;-9,97
SAUDE_20260302_TALHAO_05;2026-03-02;TALHAO_05;FZ001;CUL005;ST002;72,90;70,60;69,90;4,94;2,22;0,06;53,21;57,11;-6,82
SAUDE_20260302_TALHAO_06;2026-03-02;TALHAO_06;FZ001;CUL006;ST005;80,80;75,70;74,90;4,76;1,21;0,13;85,30;90,65;-5,89
SAUDE_20260302_TALHAO_07;2026-03-02;TALHAO_07;FZ001;CUL007;ST004;87,80;88,00;91,10;6,79;0,30;0,19;165,95;171,31;-3,13
SAUDE_20260302_TALHAO_08;2026-03-02;TALHAO_08;FZ001;CUL008;ST003;57,90;55,10;47,70;7,24;2,22;1,62;43,84;49,39;-11,23
SAUDE_20260302_TALHAO_09;2026-03-02;TALHAO_09;FZ001;CUL001;ST003;55,70;56,30;52,10;12,50;8,83;4,38;55,38;60,56;-8,56
SAUDE_20260302_TALHAO_10;2026-03-02;TALHAO_10;FZ001;CUL002;ST002;74,00;81,90;83,30;10,55;2,65;0,34;116,54;121,34;-3,95
SAUDE_20260302_TALHAO_11;2026-03-02;TALHAO_11;FZ001;CUL003;ST001;91,50;91,60;92,30;15,73;2,46;0,15;56,38;57,94;-2,70
SAUDE_20260302_TALHAO_12;2026-03-02;TALHAO_12;FZ001;CUL004;ST005;80,10;81,90;69,40;11,34;2,18;0,24;38,37;40,12;-4,38
SAUDE_20260302_TALHAO_13;2026-03-02;TALHAO_13;FZ001;CUL005;ST003;57,10;49,30;56,90;1,34;0,60;0,36;45,43;53,24;-14,68
SAUDE_20260302_TALHAO_14;2026-03-02;TALHAO_14;FZ002;CUL006;ST004;66,60;70,60;62,60;6,61;3,65;0,88;84,65;88,33;-4,17
SAUDE_20260302_TALHAO_15;2026-03-02;TALHAO_15;FZ002;CUL007;ST002;61,50;68,40;56,50;4,81;1,46;0,75;155,17;171,70;-9,62
SAUDE_20260302_TALHAO_16;2026-03-02;TALHAO_16;FZ002;CUL008;ST001;82,90;86,70;87,30;15,56;2,46;0,35;47,00;49,94;-5,89
SAUDE_20260302_TALHAO_17;2026-03-02;TALHAO_17;FZ002;CUL001;ST002;62,60;66,90;55,30;8,05;3,82;1,42;58,33;65,80;-11,36
SAUDE_20260302_TALHAO_18;2026-03-02;TALHAO_18;FZ002;CUL002;ST005;58,20;65,90;67,80;10,37;3,67;3,03;111,35;127,23;-12,48
SAUDE_20260302_TALHAO_19;2026-03-02;TALHAO_19;FZ002;CUL003;ST003;55,90;62,00;53,90;5,57;2,98;2,00;47,48;54,57;-12,99
SAUDE_20260302_TALHAO_20;2026-03-02;TALHAO_20;FZ002;CUL004;ST001;89,80;95,30;98,60;7,65;0,11;0,21;40,65;42,26;-3,81
SAUDE_20260302_TALHAO_21;2026-03-02;TALHAO_21;FZ002;CUL005;ST004;84,40;82,50;84,30;16,55;2,66;0,22;53,14;52,75;0,74
SAUDE_20260302_TALHAO_22;2026-03-02;TALHAO_22;FZ002;CUL006;ST003;53,50;49,00;42,70;4,10;1,91;1,40;82,18;89,60;-8,28
SAUDE_20260302_TALHAO_23;2026-03-02;TALHAO_23;FZ003;CUL007;ST002;76,30;70,20;79,10;3,35;1,22;0,14;159,66;173,50;-7,97
SAUDE_20260302_TALHAO_24;2026-03-02;TALHAO_24;FZ003;CUL008;ST005;51,90;56,40;61,70;1,63;0,52;0,61;39,00;46,31;-15,80
SAUDE_20260302_TALHAO_25;2026-03-02;TALHAO_25;FZ003;CUL001;ST002;69,00;62,80;66,70;0,66;0,31;0,01;58,94;61,23;-3,74
SAUDE_20260302_TALHAO_26;2026-03-02;TALHAO_26;FZ003;CUL002;ST001;90,00;91,30;93,40;11,08;0,45;0,25;124,50;121,71;2,29
SAUDE_20260302_TALHAO_27;2026-03-02;TALHAO_27;FZ003;CUL003;ST001;87,50;83,10;95,40;3,32;0,69;0,04;50,69;52,77;-3,95
SAUDE_20260302_TALHAO_28;2026-03-02;TALHAO_28;FZ003;CUL004;ST004;57,70;50,90;63,50;1,42;0,45;0,34;35,96;39,20;-8,27
SAUDE_20260302_TALHAO_29;2026-03-02;TALHAO_29;FZ003;CUL005;ST002;66,40;60,60;61,20;2,65;0,75;0,35;48,95;52,00;-5,86
SAUDE_20260302_TALHAO_30;2026-03-02;TALHAO_30;FZ004;CUL006;ST005;84,80;88,70;90,80;52,28;5,87;1,32;84,29;85,20;-1,06
SAUDE_20260302_TALHAO_31;2026-03-02;TALHAO_31;FZ004;CUL007;ST002;73,10;80,20;80,80;16,92;5,45;0,40;152,93;167,91;-8,92
SAUDE_20260302_TALHAO_32;2026-03-02;TALHAO_32;FZ004;CUL008;ST003;58,50;54,60;52,90;7,80;3,66;1,84;45,16;51,17;-11,75
SAUDE_20260302_TALHAO_33;2026-03-02;TALHAO_33;FZ004;CUL001;ST002;77,00;71,40;79,40;6,52;2,10;0,18;62,94;63,71;-1,21
SAUDE_20260302_TALHAO_34;2026-03-02;TALHAO_34;FZ005;CUL002;ST002;79,00;74,50;88,70;8,73;3,12;0,42;125,63;128,18;-1,99
SAUDE_20260302_TALHAO_35;2026-03-02;TALHAO_35;FZ005;CUL003;ST004;91,50;92,90;94,50;6,24;0,98;0,23;56,31;58,58;-3,87
SAUDE_20260302_TALHAO_36;2026-03-02;TALHAO_36;FZ005;CUL004;ST005;68,10;69,90;73,10;3,15;1,55;0,31;36,33;38,01;-4,44
SAUDE_20260302_TALHAO_37;2026-03-02;TALHAO_37;FZ005;CUL005;ST003;56,40;49,20;63,90;3,01;1,87;0,81;47,35;54,56;-13,21
SAUDE_20260302_TALHAO_38;2026-03-02;TALHAO_38;FZ005;CUL006;ST002;68,20;67,50;64,00;6,34;3,70;0,32;84,63;91,70;-7,71
SAUDE_20260302_TALHAO_39;2026-03-02;TALHAO_39;FZ005;CUL007;ST002;68,10;70,90;63,40;10,62;4,94;0,84;157,43;173,19;-9,10
SAUDE_20260302_TALHAO_40;2026-03-02;TALHAO_40;FZ005;CUL008;ST002;78,10;76,90;73,60;16,18;3,85;0,64;48,81;49,28;-0,95
SAUDE_20260309_TALHAO_01;2026-03-09;TALHAO_01;FZ001;CUL001;ST002;75,20;82,00;65,10;275,26;95,76;9,26;60,59;64,73;-6,39
SAUDE_20260309_TALHAO_02;2026-03-09;TALHAO_02;FZ001;CUL002;ST002;79,40;72,00;72,60;64,28;19,74;3,14;124,96;125,85;-0,70
SAUDE_20260309_TALHAO_03;2026-03-09;TALHAO_03;FZ001;CUL003;ST001;92,70;96,70;91,60;57,91;4,97;0,81;58,21;56,87;2,36
SAUDE_20260309_TALHAO_04;2026-03-09;TALHAO_04;FZ001;CUL004;ST002;70,90;74,30;65,80;41,31;19,53;1,71;37,17;38,49;-3,44
SAUDE_20260309_TALHAO_05;2026-03-09;TALHAO_05;FZ001;CUL005;ST002;70,40;74,90;63,00;4,89;2,25;0,09;52,91;55,84;-5,25
SAUDE_20260309_TALHAO_06;2026-03-09;TALHAO_06;FZ001;CUL006;ST005;79,90;86,90;73,50;5,24;0,81;0,03;81,52;86,38;-5,62
SAUDE_20260309_TALHAO_07;2026-03-09;TALHAO_07;FZ001;CUL007;ST004;84,50;77,80;81,00;6,49;0,75;0,04;163,67;170,16;-3,81
SAUDE_20260309_TALHAO_08;2026-03-09;TALHAO_08;FZ001;CUL008;ST002;61,80;61,90;60,20;6,88;2,67;1,52;41,21;44,18;-6,73
SAUDE_20260309_TALHAO_09;2026-03-09;TALHAO_09;FZ001;CUL001;ST003;55,10;51,30;64,90;12,33;9,37;4,01;58,54;64,68;-9,50
SAUDE_20260309_TALHAO_10;2026-03-09;TALHAO_10;FZ001;CUL002;ST002;76,90;69,00;69,10;9,42;4,04;0,07;123,52;128,32;-3,74
SAUDE_20260309_TALHAO_11;2026-03-09;TALHAO_11;FZ001;CUL003;ST001;92,80;85,00;99;16,57;1,47;0,30;59,07;58,25;1,41
SAUDE_20260309_TALHAO_12;2026-03-09;TALHAO_12;FZ001;CUL004;ST005;76,70;83,20;68,40;10,82;2,87;0,08;41,64;42,96;-3,07
SAUDE_20260309_TALHAO_13;2026-03-09;TALHAO_13;FZ001;CUL005;ST003;55,70;56,50;49,90;1,31;0,57;0,42;48,96;56,70;-13,65
SAUDE_20260309_TALHAO_14;2026-03-09;TALHAO_14;FZ002;CUL006;ST004;64,10;65,50;54,20;7,12;3,00;1,02;77,60;88,24;-12,06
SAUDE_20260309_TALHAO_15;2026-03-09;TALHAO_15;FZ002;CUL007;ST002;63,20;55,40;60,10;4,69;1,83;0,50;163,73;172,58;-5,12
SAUDE_20260309_TALHAO_16;2026-03-09;TALHAO_16;FZ002;CUL008;ST001;86,30;86,50;92,00;15,59;2,42;0,36;47,69;49,60;-3,84
SAUDE_20260309_TALHAO_17;2026-03-09;TALHAO_17;FZ002;CUL001;ST002;63,70;58,40;57,50;9,43;3,02;0,84;58,45;65,63;-10,93
SAUDE_20260309_TALHAO_18;2026-03-09;TALHAO_18;FZ002;CUL002;ST005;58,00;60,60;54,40;9,41;5,30;2,36;110,39;123,97;-10,96
SAUDE_20260309_TALHAO_19;2026-03-09;TALHAO_19;FZ002;CUL003;ST003;54,80;60,30;60,50;5,29;3,44;1,81;49,10;55,82;-12,02
SAUDE_20260309_TALHAO_20;2026-03-09;TALHAO_20;FZ002;CUL004;ST001;84,80;79,10;79,70;6,89;1,06;0,02;40,53;41,86;-3,17
SAUDE_20260309_TALHAO_21;2026-03-09;TALHAO_21;FZ002;CUL005;ST004;89,90;89,90;85,40;18,84;0,04;0,54;57,29;57,72;-0,75
SAUDE_20260309_TALHAO_22;2026-03-09;TALHAO_22;FZ002;CUL006;ST003;56,60;60,10;50,30;3,76;2,22;1,42;76,38;87,10;-12,31
SAUDE_20260309_TALHAO_23;2026-03-09;TALHAO_23;FZ003;CUL007;ST002;79,20;76,00;80,00;3,83;0,82;0,07;157,50;168,84;-6,72
SAUDE_20260309_TALHAO_24;2026-03-09;TALHAO_24;FZ003;CUL008;ST005;51,40;47,70;46,00;1,63;0,56;0,57;41,76;45,70;-8,62
SAUDE_20260309_TALHAO_25;2026-03-09;TALHAO_25;FZ003;CUL001;ST002;63,50;65,70;62,60;0,66;0,23;0,08;60,39;65,46;-7,75
SAUDE_20260309_TALHAO_26;2026-03-09;TALHAO_26;FZ003;CUL002;ST001;89,40;97,40;82,10;11,07;0,37;0,35;123,33;127,67;-3,40
SAUDE_20260309_TALHAO_27;2026-03-09;TALHAO_27;FZ003;CUL003;ST001;85,60;85,10;76,10;3,38;0,66;0,01;57,73;57,13;1,05
SAUDE_20260309_TALHAO_28;2026-03-09;TALHAO_28;FZ003;CUL004;ST004;59,10;56,60;61,50;1,29;0,67;0,24;36,96;42,90;-13,84
SAUDE_20260309_TALHAO_29;2026-03-09;TALHAO_29;FZ003;CUL005;ST002;61,20;62,70;62,30;2,12;1,14;0,48;47,72;54,39;-12,28
SAUDE_20260309_TALHAO_30;2026-03-09;TALHAO_30;FZ004;CUL006;ST005;82,00;84,80;72,40;53,27;3,85;2,35;85,95;91,56;-6,12
SAUDE_20260309_TALHAO_31;2026-03-09;TALHAO_31;FZ004;CUL007;ST002;77,80;75,10;67,40;16,21;6,43;0,12;157,13;167,21;-6,03
SAUDE_20260309_TALHAO_32;2026-03-09;TALHAO_32;FZ004;CUL008;ST003;59,80;61,40;62,10;8,00;3,39;1,92;39,18;45,19;-13,29
SAUDE_20260309_TALHAO_33;2026-03-09;TALHAO_33;FZ004;CUL001;ST002;74,60;68,00;67,50;6,73;2,00;0,06;60,10;61,74;-2,65
SAUDE_20260309_TALHAO_34;2026-03-09;TALHAO_34;FZ005;CUL002;ST002;79,10;80,80;69,60;10,26;1,84;0,17;116,51;122,86;-5,17
SAUDE_20260309_TALHAO_35;2026-03-09;TALHAO_35;FZ005;CUL003;ST004;94,20;91,90;90,30;7,45;0;0,11;53,64;53,26;0,71
SAUDE_20260309_TALHAO_36;2026-03-09;TALHAO_36;FZ005;CUL004;ST005;71,40;65,30;66,60;3,35;1,48;0,20;37,82;41,04;-7,84
SAUDE_20260309_TALHAO_37;2026-03-09;TALHAO_37;FZ005;CUL005;ST002;60,80;64,50;65,80;3,76;1,20;0,72;45,65;51,71;-11,71
SAUDE_20260309_TALHAO_38;2026-03-09;TALHAO_38;FZ005;CUL006;ST002;73,40;77,90;72,70;6,82;3,42;0,12;80,51;84,90;-5,17
SAUDE_20260309_TALHAO_39;2026-03-09;TALHAO_39;FZ005;CUL007;ST002;63,60;69,90;68,20;10,61;3,79;2,00;157,53;172,71;-8,79
SAUDE_20260309_TALHAO_40;2026-03-09;TALHAO_40;FZ005;CUL008;ST002;76,10;79,80;67,80;14,95;5,42;0,30;45,34;45,93;-1,29
SAUDE_20260316_TALHAO_01;2026-03-16;TALHAO_01;FZ001;CUL001;ST002;76,60;84,40;81,70;315,51;59,94;4,83;55,98;59,96;-6,63
SAUDE_20260316_TALHAO_02;2026-03-16;TALHAO_02;FZ001;CUL002;ST001;84,50;82,00;92,30;76,96;8,82;1,39;124,02;125,69;-1,33
SAUDE_20260316_TALHAO_03;2026-03-16;TALHAO_03;FZ001;CUL003;ST001;86,90;80,90;92,60;55,26;8,33;0,11;49,38;52,01;-5,04
SAUDE_20260316_TALHAO_04;2026-03-16;TALHAO_04;FZ001;CUL004;ST002;68,90;63,70;75,70;42,82;16,69;3,04;41,18;43,81;-6,00
SAUDE_20260316_TALHAO_05;2026-03-16;TALHAO_05;FZ001;CUL005;ST002;74,80;72,30;64,90;5,79;1,23;0,19;47,83;51,02;-6,24
SAUDE_20260316_TALHAO_06;2026-03-16;TALHAO_06;FZ001;CUL006;ST001;84,60;86,50;80,70;4,70;1,36;0,03;83,45;84,16;-0,84
SAUDE_20260316_TALHAO_07;2026-03-16;TALHAO_07;FZ001;CUL007;ST004;88,40;92,60;94,50;6,67;0,59;0,02;163,27;166,70;-2,06
SAUDE_20260316_TALHAO_08;2026-03-16;TALHAO_08;FZ001;CUL008;ST002;64,50;59,40;52,70;6,30;4,05;0,73;42,30;44,59;-5,14
SAUDE_20260316_TALHAO_09;2026-03-16;TALHAO_09;FZ001;CUL001;ST002;61,40;66,40;66,90;15,55;6,61;3,55;54,93;61,29;-10,38
SAUDE_20260316_TALHAO_10;2026-03-16;TALHAO_10;FZ001;CUL002;ST002;75,10;73,60;74,40;9,41;3,68;0,46;116,89;128,72;-9,19
SAUDE_20260316_TALHAO_11;2026-03-16;TALHAO_11;FZ001;CUL003;ST001;89,00;89,10;86,30;16,23;2,09;0,01;53,95;55,43;-2,66
SAUDE_20260316_TALHAO_12;2026-03-16;TALHAO_12;FZ001;CUL004;ST002;75,00;78,60;65,70;9,54;3,79;0,43;43,33;43,96;-1,42
SAUDE_20260316_TALHAO_13;2026-03-16;TALHAO_13;FZ001;CUL005;ST003;59,10;51,70;51,00;1,50;0,51;0,29;48,14;51,95;-7,35
SAUDE_20260316_TALHAO_14;2026-03-16;TALHAO_14;FZ002;CUL006;ST004;66,30;73,00;65,60;6,53;3,93;0,67;82,82;89,54;-7,51
SAUDE_20260316_TALHAO_15;2026-03-16;TALHAO_15;FZ002;CUL007;ST002;65,30;72,30;56,50;4,98;1,50;0,53;154,04;168,00;-8,31
SAUDE_20260316_TALHAO_16;2026-03-16;TALHAO_16;FZ002;CUL008;ST001;87,80;85,90;92,80;16,66;1,28;0,43;50,69;51,36;-1,31
SAUDE_20260316_TALHAO_17;2026-03-16;TALHAO_17;FZ002;CUL001;ST002;65,30;60,20;57,80;9,19;3,22;0,88;56,37;62,98;-10,50
SAUDE_20260316_TALHAO_18;2026-03-16;TALHAO_18;FZ002;CUL002;ST003;56,80;54,00;51,70;10,43;3,94;2,70;107,42;123,53;-13,05
SAUDE_20260316_TALHAO_19;2026-03-16;TALHAO_19;FZ002;CUL003;ST002;62,10;55,60;56,40;6,13;3,27;1,15;49,43;55,27;-10,56
SAUDE_20260316_TALHAO_20;2026-03-16;TALHAO_20;FZ002;CUL004;ST001;89,50;83,90;77,70;7,55;0,39;0,02;40,56;41,87;-3,12
SAUDE_20260316_TALHAO_21;2026-03-16;TALHAO_21;FZ002;CUL005;ST004;89,90;96,10;89,40;18,50;0,21;0,73;51,40;52,73;-2,51
SAUDE_20260316_TALHAO_22;2026-03-16;TALHAO_22;FZ002;CUL006;ST003;55,80;49,20;44,70;3,95;2,38;1,09;74,64;86,63;-13,84
SAUDE_20260316_TALHAO_23;2026-03-16;TALHAO_23;FZ003;CUL007;ST001;80,20;75,70;79,40;4,02;0,57;0,11;162,52;169,57;-4,16
SAUDE_20260316_TALHAO_24;2026-03-16;TALHAO_24;FZ003;CUL008;ST003;57,20;49,20;61,40;1,60;0,67;0,49;43,02;47,29;-9,04
SAUDE_20260316_TALHAO_25;2026-03-16;TALHAO_25;FZ003;CUL001;ST002;66,10;58,20;67,70;0,63;0,26;0,09;58,76;64,87;-9,41
SAUDE_20260316_TALHAO_26;2026-03-16;TALHAO_26;FZ003;CUL002;ST001;94,00;92,50;82,30;11,56;0;0,26;131,24;128,53;2,11
SAUDE_20260316_TALHAO_27;2026-03-16;TALHAO_27;FZ003;CUL003;ST001;84,70;79,80;73,40;3,36;0,64;0,05;54,16;54,36;-0,38
SAUDE_20260316_TALHAO_28;2026-03-16;TALHAO_28;FZ003;CUL004;ST004;56,60;60,70;58,90;1,26;0,58;0,38;39,67;45,30;-12,44
SAUDE_20260316_TALHAO_29;2026-03-16;TALHAO_29;FZ003;CUL005;ST002;62,40;69,50;69,50;2,11;1,31;0,32;49,15;54,39;-9,62
SAUDE_20260316_TALHAO_30;2026-03-16;TALHAO_30;FZ004;CUL006;ST001;83,80;88,60;79,40;51,45;7,61;0,41;83,63;84,57;-1,11
SAUDE_20260316_TALHAO_31;2026-03-16;TALHAO_31;FZ004;CUL007;ST002;77,20;72,10;67,00;18,32;3,55;0,90;159,97;172,64;-7,34
SAUDE_20260316_TALHAO_32;2026-03-16;TALHAO_32;FZ004;CUL008;ST003;59,10;59,70;56,10;8,22;3,45;1,64;42,98;47,05;-8,63
SAUDE_20260316_TALHAO_33;2026-03-16;TALHAO_33;FZ004;CUL001;ST002;79,70;83,30;82,80;7,15;1,32;0,32;62,53;65,57;-4,63
SAUDE_20260316_TALHAO_34;2026-03-16;TALHAO_34;FZ005;CUL002;ST001;89,00;87,70;83,70;11,11;0,92;0,25;127,09;126,75;0,26
SAUDE_20260316_TALHAO_35;2026-03-16;TALHAO_35;FZ005;CUL003;ST004;92,70;89,00;85,90;6,50;0,81;0,14;55,67;55,02;1,19
SAUDE_20260316_TALHAO_36;2026-03-16;TALHAO_36;FZ005;CUL004;ST002;69,10;63,20;75,50;3,83;0,86;0,33;38,70;40,29;-3,95
SAUDE_20260316_TALHAO_37;2026-03-16;TALHAO_37;FZ005;CUL005;ST003;55,30;47,80;47,00;3,56;1,11;1,02;47,75;54,16;-11,82
SAUDE_20260316_TALHAO_38;2026-03-16;TALHAO_38;FZ005;CUL006;ST002;70,50;63,50;67,10;7,98;2,04;0,34;81,07;84,84;-4,45
SAUDE_20260316_TALHAO_39;2026-03-16;TALHAO_39;FZ005;CUL007;ST002;69,70;62,00;78,40;10,74;5,22;0,44;157,55;171,52;-8,15
SAUDE_20260316_TALHAO_40;2026-03-16;TALHAO_40;FZ005;CUL008;ST002;75,90;80,00;72,10;14,99;5,44;0,24;45,28;49,33;-8,21
SAUDE_20260323_TALHAO_01;2026-03-23;TALHAO_01;FZ001;CUL001;ST002;78,10;81,70;83,60;279,44;90,96;9,87;57,17;59,04;-3,17
SAUDE_20260323_TALHAO_02;2026-03-23;TALHAO_02;FZ001;CUL002;ST001;81,00;79,40;76,80;73,32;11,35;2,50;120,09;128,45;-6,51
SAUDE_20260323_TALHAO_03;2026-03-23;TALHAO_03;FZ001;CUL003;ST001;94,10;94,00;92,40;63,70;0;1,48;51,60;52,21;-1,17
SAUDE_20260323_TALHAO_04;2026-03-23;TALHAO_04;FZ001;CUL004;ST002;72,10;71,30;68,70;43,16;19,36;0,03;37,52;40,61;-7,61
SAUDE_20260323_TALHAO_05;2026-03-23;TALHAO_05;FZ001;CUL005;ST002;74,10;78,90;76,30;5,63;1,48;0,11;52,88;57,37;-7,84
SAUDE_20260323_TALHAO_06;2026-03-23;TALHAO_06;FZ001;CUL006;ST001;82,30;85,90;85,70;5,43;0,55;0,11;82,32;85,11;-3,28
SAUDE_20260323_TALHAO_07;2026-03-23;TALHAO_07;FZ001;CUL007;ST004;84,10;87,50;75,50;6,39;0,66;0,23;167,07;168,51;-0,86
SAUDE_20260323_TALHAO_08;2026-03-23;TALHAO_08;FZ001;CUL008;ST003;59,40;67,00;56,70;7,32;2,03;1,73;40,49;46,49;-12,91
SAUDE_20260323_TALHAO_09;2026-03-23;TALHAO_09;FZ001;CUL001;ST003;55,30;61,10;62,20;14,17;6,77;4,77;56,25;65,01;-13,48
SAUDE_20260323_TALHAO_10;2026-03-23;TALHAO_10;FZ001;CUL002;ST002;73,70;71,70;64,20;9,02;4,40;0,12;119,93;124,22;-3,46
SAUDE_20260323_TALHAO_11;2026-03-23;TALHAO_11;FZ001;CUL003;ST001;85,80;93,00;76,70;16,40;1,26;0,68;50,47;51,69;-2,35
SAUDE_20260323_TALHAO_12;2026-03-23;TALHAO_12;FZ001;CUL004;ST002;79,20;80,20;80,50;9,95;3,73;0,08;39,06;39,80;-1,84
SAUDE_20260323_TALHAO_13;2026-03-23;TALHAO_13;FZ001;CUL005;ST002;62,20;62,90;54,60;1,49;0,53;0,28;48,64;51,94;-6,34
SAUDE_20260323_TALHAO_14;2026-03-23;TALHAO_14;FZ002;CUL006;ST004;67,90;73,90;62,30;7,96;2,76;0,42;77,01;84,41;-8,76
SAUDE_20260323_TALHAO_15;2026-03-23;TALHAO_15;FZ002;CUL007;ST002;60,00;60,60;57,40;4,46;1,73;0,82;152,72;167,85;-9,01
SAUDE_20260323_TALHAO_16;2026-03-23;TALHAO_16;FZ002;CUL008;ST001;86,40;90,90;78,60;15,63;2,44;0,30;45,32;46,97;-3,52
SAUDE_20260323_TALHAO_17;2026-03-23;TALHAO_17;FZ002;CUL001;ST003;57,20;60,90;60,20;7,88;3,02;2,39;55,31;62,76;-11,87
SAUDE_20260323_TALHAO_18;2026-03-23;TALHAO_18;FZ002;CUL002;ST003;53,50;58,20;53,00;7,99;5,51;3,57;108,08;125,77;-14,06
SAUDE_20260323_TALHAO_19;2026-03-23;TALHAO_19;FZ002;CUL003;ST003;58,90;58,60;48,20;5,43;3,59;1,53;52,23;56,87;-8,16
SAUDE_20260323_TALHAO_20;2026-03-23;TALHAO_20;FZ002;CUL004;ST001;81,80;76,20;84,80;6,03;1,78;0,16;38,88;38,94;-0,16
SAUDE_20260323_TALHAO_21;2026-03-23;TALHAO_21;FZ002;CUL005;ST004;88,00;84,80;77,10;16,34;3,04;0,06;56,69;55,87;1,47
SAUDE_20260323_TALHAO_22;2026-03-23;TALHAO_22;FZ002;CUL006;ST003;58,10;52,20;64,50;3,79;2,56;1,06;77,68;87,01;-10,72
SAUDE_20260323_TALHAO_23;2026-03-23;TALHAO_23;FZ003;CUL007;ST001;80,80;76,90;80,10;3,93;0,63;0,15;169,46;169,09;0,22
SAUDE_20260323_TALHAO_24;2026-03-23;TALHAO_24;FZ003;CUL008;ST003;58,10;53,90;58,00;1,42;0,89;0,45;42,79;49,15;-12,92
SAUDE_20260323_TALHAO_25;2026-03-23;TALHAO_25;FZ003;CUL001;ST002;61,80;63,60;66,90;0,67;0,22;0,10;54,25;60,46;-10,27
SAUDE_20260323_TALHAO_26;2026-03-23;TALHAO_26;FZ003;CUL002;ST001;91,90;92,40;89,00;11,63;0,04;0,11;124,83;125,10;-0,22
SAUDE_20260323_TALHAO_27;2026-03-23;TALHAO_27;FZ003;CUL003;ST001;88,90;95,80;89,90;3,34;0,65;0,06;53,23;52,27;1,84
SAUDE_20260323_TALHAO_28;2026-03-23;TALHAO_28;FZ003;CUL004;ST004;64,30;60,40;60,80;1,27;0,81;0,13;38,53;42,54;-9,43
SAUDE_20260323_TALHAO_29;2026-03-23;TALHAO_29;FZ003;CUL005;ST002;64,10;69,20;59,80;2,34;1,12;0,28;48,70;55,64;-12,48
SAUDE_20260323_TALHAO_30;2026-03-23;TALHAO_30;FZ004;CUL006;ST002;77,30;71,90;84,30;43,40;15,44;0,63;83,67;85,38;-2,00
SAUDE_20260323_TALHAO_31;2026-03-23;TALHAO_31;FZ004;CUL007;ST002;74,50;71,10;69,60;18,00;4,12;0,65;164,10;168,16;-2,41
SAUDE_20260323_TALHAO_32;2026-03-23;TALHAO_32;FZ004;CUL008;ST002;63,90;71,10;70,30;7,80;4,34;1,17;41,39;46,18;-10,36
SAUDE_20260323_TALHAO_33;2026-03-23;TALHAO_33;FZ004;CUL001;ST002;73,70;78,20;78,80;7,15;1,31;0,33;58,21;62,87;-7,43
SAUDE_20260323_TALHAO_34;2026-03-23;TALHAO_34;FZ005;CUL002;ST001;84,90;91,20;75,20;10,29;1,81;0,17;122,96;123,76;-0,65
SAUDE_20260323_TALHAO_35;2026-03-23;TALHAO_35;FZ005;CUL003;ST004;92,00;87,90;82,50;7,35;0,08;0,02;57,65;57,08;1,00
SAUDE_20260323_TALHAO_36;2026-03-23;TALHAO_36;FZ005;CUL004;ST002;71,90;69,30;71,00;3,60;1,31;0,11;36,65;40,01;-8,39
SAUDE_20260323_TALHAO_37;2026-03-23;TALHAO_37;FZ005;CUL005;ST002;61,30;68,70;56,10;3,42;1,76;0,51;47,88;53,29;-10,14
SAUDE_20260323_TALHAO_38;2026-03-23;TALHAO_38;FZ005;CUL006;ST002;70,00;75,40;69,00;7,23;2,99;0,14;84,66;89,69;-5,61
SAUDE_20260323_TALHAO_39;2026-03-23;TALHAO_39;FZ005;CUL007;ST002;67,00;60,00;76,00;11,40;3,95;1,05;162,05;173,79;-6,75
SAUDE_20260323_TALHAO_40;2026-03-23;TALHAO_40;FZ005;CUL008;ST002;75,30;77,00;81,10;15,71;4,65;0,31;50,50;51,84;-2,59
SAUDE_20260330_TALHAO_01;2026-03-30;TALHAO_01;FZ001;CUL001;ST002;72,20;64,70;62,50;249,05;129,13;2,10;63,21;64,73;-2,35
SAUDE_20260330_TALHAO_02;2026-03-30;TALHAO_02;FZ001;CUL002;ST001;81,00;76,20;82,70;70,18;16,23;0,76;120,15;125,29;-4,10
SAUDE_20260330_TALHAO_03;2026-03-30;TALHAO_03;FZ001;CUL003;ST001;92,90;94,60;98,60;63,40;0,02;0,28;52,01;51,60;0,80
SAUDE_20260330_TALHAO_04;2026-03-30;TALHAO_04;FZ001;CUL004;ST002;71,80;69,90;74,90;46,95;14,24;1,36;39,99;40,98;-2,42
SAUDE_20260330_TALHAO_05;2026-03-30;TALHAO_05;FZ001;CUL005;ST002;71,70;76,10;69,60;5,74;1,23;0,25;52,32;57,75;-9,40
SAUDE_20260330_TALHAO_06;2026-03-30;TALHAO_06;FZ001;CUL006;ST001;83,20;79,30;80,90;4,64;1,26;0,18;82,71;86,36;-4,23
SAUDE_20260330_TALHAO_07;2026-03-30;TALHAO_07;FZ001;CUL007;ST001;90,20;95,20;97,70;6,74;0,43;0,10;168,87;171,22;-1,38
SAUDE_20260330_TALHAO_08;2026-03-30;TALHAO_08;FZ001;CUL008;ST002;62,90;59,60;67,50;6,44;3,23;1,41;47,37;51,23;-7,52
SAUDE_20260330_TALHAO_09;2026-03-30;TALHAO_09;FZ001;CUL001;ST002;61,00;53,70;54,30;14,40;7,90;3,41;53,86;60,21;-10,54
SAUDE_20260330_TALHAO_10;2026-03-30;TALHAO_10;FZ001;CUL002;ST002;72,20;64,60;76,50;10,51;2,65;0,38;114,79;124,24;-7,61
SAUDE_20260330_TALHAO_11;2026-03-30;TALHAO_11;FZ001;CUL003;ST001;91,00;97,80;79,70;17,64;0,62;0,08;55,07;54,07;1,87
SAUDE_20260330_TALHAO_12;2026-03-30;TALHAO_12;FZ001;CUL004;ST002;76,20;77,40;68,90;9,74;3,78;0,24;39,77;41,44;-4,02
SAUDE_20260330_TALHAO_13;2026-03-30;TALHAO_13;FZ001;CUL005;ST003;56,90;49,50;65,70;1,19;0,70;0,41;51,15;58,94;-13,21
SAUDE_20260330_TALHAO_14;2026-03-30;TALHAO_14;FZ002;CUL006;ST002;73,80;78,00;77,80;8,45;2,31;0,39;79,69;85,71;-7,02
SAUDE_20260330_TALHAO_15;2026-03-30;TALHAO_15;FZ002;CUL007;ST003;56,10;58,70;65,90;4,25;1,40;1,36;159,33;173,23;-8,03
SAUDE_20260330_TALHAO_16;2026-03-30;TALHAO_16;FZ002;CUL008;ST001;83,80;77,10;90,50;15,06;2,96;0,35;45,00;44,63;0,82
SAUDE_20260330_TALHAO_17;2026-03-30;TALHAO_17;FZ002;CUL001;ST002;60,70;57,60;53,00;7,54;3,80;1,95;56,57;63,36;-10,72
SAUDE_20260330_TALHAO_18;2026-03-30;TALHAO_18;FZ002;CUL002;ST003;53,20;50,00;62,10;9,70;4,37;3,00;106,06;124,60;-14,88
SAUDE_20260330_TALHAO_19;2026-03-30;TALHAO_19;FZ002;CUL003;ST003;59,20;56,10;65,70;6,03;2,84;1,67;48,90;54,20;-9,79
SAUDE_20260330_TALHAO_20;2026-03-30;TALHAO_20;FZ002;CUL004;ST001;84,80;92,00;87,30;6,91;1,04;0,02;40,36;42,77;-5,63
SAUDE_20260330_TALHAO_21;2026-03-30;TALHAO_21;FZ002;CUL005;ST001;80,70;79,80;87,90;16,52;2,20;0,72;56,36;56,61;-0,45
SAUDE_20260330_TALHAO_22;2026-03-30;TALHAO_22;FZ002;CUL006;ST003;59,60;59,00;48,50;4,55;1,96;0,90;79,71;90,22;-11,65
SAUDE_20260330_TALHAO_23;2026-03-30;TALHAO_23;FZ003;CUL007;ST001;80,50;87,90;76,40;3,61;0,92;0,18;161,40;171,27;-5,76
SAUDE_20260330_TALHAO_24;2026-03-30;TALHAO_24;FZ003;CUL008;ST002;62,80;59,80;55,20;1,69;0,71;0,36;46,10;49,52;-6,91
SAUDE_20260330_TALHAO_25;2026-03-30;TALHAO_25;FZ003;CUL001;ST002;60,40;53,00;51,50;0,63;0,24;0,10;56,54;65,36;-13,49
SAUDE_20260330_TALHAO_26;2026-03-30;TALHAO_26;FZ003;CUL002;ST001;93,30;94,60;90,30;11,27;0,43;0,08;123,26;122,05;0,99
SAUDE_20260330_TALHAO_27;2026-03-30;TALHAO_27;FZ003;CUL003;ST001;85,60;93,50;92,80;3,38;0,57;0,09;53,62;53,07;1,05
SAUDE_20260330_TALHAO_28;2026-03-30;TALHAO_28;FZ003;CUL004;ST002;63,20;67,80;70,30;1,31;0,73;0,17;38,40;41,79;-8,13
SAUDE_20260330_TALHAO_29;2026-03-30;TALHAO_29;FZ003;CUL005;ST002;72,30;79,60;65,10;2,65;1,00;0,10;53,24;58,15;-8,44
SAUDE_20260330_TALHAO_30;2026-03-30;TALHAO_30;FZ004;CUL006;ST002;78,30;72,50;83,10;49,72;9,38;0,37;84,81;88,50;-4,17
SAUDE_20260330_TALHAO_31;2026-03-30;TALHAO_31;FZ004;CUL007;ST002;77,50;76,60;72,60;17,91;4,60;0,25;166,99;173,57;-3,79
SAUDE_20260330_TALHAO_32;2026-03-30;TALHAO_32;FZ004;CUL008;ST002;61,40;55,50;69,60;9,16;2,97;1,18;47,96;51,81;-7,43
SAUDE_20260330_TALHAO_33;2026-03-30;TALHAO_33;FZ004;CUL001;ST001;81,10;76,20;71,30;7,47;1,12;0,20;65,71;65,53;0,27
SAUDE_20260330_TALHAO_34;2026-03-30;TALHAO_34;FZ005;CUL002;ST001;86,90;81,00;87,90;9,76;2,33;0,19;124,84;125,72;-0,70
SAUDE_20260330_TALHAO_35;2026-03-30;TALHAO_35;FZ005;CUL003;ST001;85,90;78,80;87,50;6,58;0,62;0,25;53,68;52,69;1,87
SAUDE_20260330_TALHAO_36;2026-03-30;TALHAO_36;FZ005;CUL004;ST002;68,50;74,70;73,30;3,51;1,18;0,33;40,50;44,94;-9,87
SAUDE_20260330_TALHAO_37;2026-03-30;TALHAO_37;FZ005;CUL005;ST003;55,40;54,30;50,80;3,15;1,44;1,09;49,05;56,88;-13,77
SAUDE_20260330_TALHAO_38;2026-03-30;TALHAO_38;FZ005;CUL006;ST002;71,20;66,10;63,20;7,83;2,33;0,19;78,35;85,04;-7,87
SAUDE_20260330_TALHAO_39;2026-03-30;TALHAO_39;FZ005;CUL007;ST002;70,50;77,70;64,40;10,28;5,84;0,29;156,23;172,95;-9,67
SAUDE_20260330_TALHAO_40;2026-03-30;TALHAO_40;FZ005;CUL008;ST002;72,00;78,20;79,80;15,75;4,29;0,63;44,07;48,55;-9,22
SAUDE_20260406_TALHAO_01;2026-04-06;TALHAO_01;FZ001;CUL001;ST001;80,00;79,50;70,20;298,94;77,37;3,97;56,54;60,64;-6,76
SAUDE_20260406_TALHAO_02;2026-04-06;TALHAO_02;FZ001;CUL002;ST001;85,40;88,30;76,80;80,55;5,79;0,83;124,24;128,31;-3,17
SAUDE_20260406_TALHAO_03;2026-04-06;TALHAO_03;FZ001;CUL003;ST001;94,70;99;94,00;55,31;7,53;0,86;51,80;52,54;-1,42
SAUDE_20260406_TALHAO_04;2026-04-06;TALHAO_04;FZ001;CUL004;ST002;75,30;69,20;67,20;44,41;18,03;0,11;39,37;42,76;-7,94
SAUDE_20260406_TALHAO_05;2026-04-06;TALHAO_05;FZ001;CUL005;ST002;72,30;69,80;82,30;5,36;1,75;0,12;54,66;57,92;-5,63
SAUDE_20260406_TALHAO_06;2026-04-06;TALHAO_06;FZ001;CUL006;ST001;83,40;87,70;86,90;5,16;0,91;0,02;88,57;87,68;1,01
SAUDE_20260406_TALHAO_07;2026-04-06;TALHAO_07;FZ001;CUL007;ST001;85,10;82,30;78,00;6,31;0,70;0,27;168,17;173,37;-3,00
SAUDE_20260406_TALHAO_08;2026-04-06;TALHAO_08;FZ001;CUL008;ST002;60,70;67,70;59,10;6,35;3,53;1,21;46,39;49,46;-6,20
SAUDE_20260406_TALHAO_09;2026-04-06;TALHAO_09;FZ001;CUL001;ST003;58,20;63,90;48,10;14,06;7,12;4,53;58,05;63,12;-8,02
SAUDE_20260406_TALHAO_10;2026-04-06;TALHAO_10;FZ001;CUL002;ST002;70,50;68,70;77,10;8,91;4,40;0,23;111,87;124,19;-9,92
SAUDE_20260406_TALHAO_11;2026-04-06;TALHAO_11;FZ001;CUL003;ST001;91,00;85,50;95,30;15,46;2,45;0,44;52,46;54,49;-3,73
SAUDE_20260406_TALHAO_12;2026-04-06;TALHAO_12;FZ001;CUL004;ST002;76,50;76,70;76,90;11,30;2,21;0,25;39,55;42,28;-6,46
SAUDE_20260406_TALHAO_13;2026-04-06;TALHAO_13;FZ001;CUL005;ST003;58,40;61,20;49,60;1,25;0,68;0,37;48,06;52,89;-9,14
SAUDE_20260406_TALHAO_14;2026-04-06;TALHAO_14;FZ002;CUL006;ST002;70,20;62,50;71,40;8,26;2,57;0,32;87,47;90,97;-3,84
SAUDE_20260406_TALHAO_15;2026-04-06;TALHAO_15;FZ002;CUL007;ST003;58,80;60,20;54,60;3,98;2,20;0,83;150,22;169,47;-11,36
SAUDE_20260406_TALHAO_16;2026-04-06;TALHAO_16;FZ002;CUL008;ST002;79,00;85,00;68,80;13,59;4,37;0,41;47,52;49,03;-3,09
SAUDE_20260406_TALHAO_17;2026-04-06;TALHAO_17;FZ002;CUL001;ST003;59,70;60,00;52,60;8,38;3,03;1,88;56,16;61,01;-7,95
SAUDE_20260406_TALHAO_18;2026-04-06;TALHAO_18;FZ002;CUL002;ST002;61,70;62,90;70,80;9,95;5,25;1,87;114,93;126,94;-9,46
SAUDE_20260406_TALHAO_19;2026-04-06;TALHAO_19;FZ002;CUL003;ST002;67,30;67,60;58,40;7,68;2,21;0,65;45,90;51,45;-10,78
SAUDE_20260406_TALHAO_20;2026-04-06;TALHAO_20;FZ002;CUL004;ST001;86,90;91,10;80,70;7,13;0,71;0,14;45,09;44,52;1,27
SAUDE_20260406_TALHAO_21;2026-04-06;TALHAO_21;FZ002;CUL005;ST001;81,10;76,50;91,00;14,27;4,94;0,21;54,22;57,33;-5,43
SAUDE_20260406_TALHAO_22;2026-04-06;TALHAO_22;FZ002;CUL006;ST003;55,80;53,80;50,20;4,71;1,22;1,47;77,96;86,59;-9,97
SAUDE_20260406_TALHAO_23;2026-04-06;TALHAO_23;FZ003;CUL007;ST002;78,90;76,50;71,10;4,06;0,49;0,15;165,63;168,05;-1,44
SAUDE_20260406_TALHAO_24;2026-04-06;TALHAO_24;FZ003;CUL008;ST003;57,30;53,00;54,30;1,51;0,82;0,43;43,97;51,41;-14,46
SAUDE_20260406_TALHAO_25;2026-04-06;TALHAO_25;FZ003;CUL001;ST003;59,30;55,90;50,50;0,65;0,18;0,15;51,69;58,70;-11,94
SAUDE_20260406_TALHAO_26;2026-04-06;TALHAO_26;FZ003;CUL002;ST001;91,00;97,50;85,40;11,05;0,48;0,26;126,29;128,45;-1,68
SAUDE_20260406_TALHAO_27;2026-04-06;TALHAO_27;FZ003;CUL003;ST001;85,00;83,10;87,50;3,28;0,73;0,04;54,38;57,08;-4,73
SAUDE_20260406_TALHAO_28;2026-04-06;TALHAO_28;FZ003;CUL004;ST002;64,80;60,50;64,30;1,41;0,61;0,18;38,83;41,81;-7,11
SAUDE_20260406_TALHAO_29;2026-04-06;TALHAO_29;FZ003;CUL005;ST002;67,30;74,00;74,70;2,66;0,82;0,26;50,92;57,40;-11,29
SAUDE_20260406_TALHAO_30;2026-04-06;TALHAO_30;FZ004;CUL006;ST002;77,10;71,40;80,20;43,40;13,82;2,26;86,76;88,90;-2,42
SAUDE_20260406_TALHAO_31;2026-04-06;TALHAO_31;FZ004;CUL007;ST002;74,20;71,80;62,60;18,35;3,62;0,79;153,70;168,85;-8,97
SAUDE_20260406_TALHAO_32;2026-04-06;TALHAO_32;FZ004;CUL008;ST003;59,60;60,30;54,00;7,77;3,85;1,69;39,69;44,28;-10,37
SAUDE_20260406_TALHAO_33;2026-04-06;TALHAO_33;FZ004;CUL001;ST001;80,50;83,80;85,70;7,11;1,54;0,14;59,00;63,59;-7,22
SAUDE_20260406_TALHAO_34;2026-04-06;TALHAO_34;FZ005;CUL002;ST001;89,00;87,80;86,90;10,49;1,70;0,07;122,71;128,20;-4,28
SAUDE_20260406_TALHAO_35;2026-04-06;TALHAO_35;FZ005;CUL003;ST001;88,20;89,20;88,60;6,38;0,79;0,29;59,25;58,04;2,08
SAUDE_20260406_TALHAO_36;2026-04-06;TALHAO_36;FZ005;CUL004;ST002;69,60;73,10;70,80;3,52;1,37;0,13;38,82;40,16;-3,32
SAUDE_20260406_TALHAO_37;2026-04-06;TALHAO_37;FZ005;CUL005;ST003;58,30;52,20;57,30;2,95;1,91;0,82;47,78;55,66;-14,16
SAUDE_20260406_TALHAO_38;2026-04-06;TALHAO_38;FZ005;CUL006;ST002;73,30;70,80;83,10;8,13;1,86;0,37;79,62;84,74;-6,05
SAUDE_20260406_TALHAO_39;2026-04-06;TALHAO_39;FZ005;CUL007;ST002;75,70;76,50;67,60;12,15;3,94;0,32;160,96;171,37;-6,08
SAUDE_20260406_TALHAO_40;2026-04-06;TALHAO_40;FZ005;CUL008;ST002;74,40;74,30;72,50;14,12;5,81;0,75;43,55;44,35;-1,80
SAUDE_20260413_TALHAO_01;2026-04-13;TALHAO_01;FZ001;CUL001;ST002;79,10;74,10;78,50;277,32;92,10;10,85;55,59;58,49;-4,95
SAUDE_20260413_TALHAO_02;2026-04-13;TALHAO_02;FZ001;CUL002;ST001;86,90;86,30;78,80;69,66;16,69;0,82;117,13;123,63;-5,25
SAUDE_20260413_TALHAO_03;2026-04-13;TALHAO_03;FZ001;CUL003;ST001;91,20;97,30;99;62,12;0,97;0,61;57,58;58,68;-1,87
SAUDE_20260413_TALHAO_04;2026-04-13;TALHAO_04;FZ001;CUL004;ST002;70,10;66,00;76,70;45,89;14,18;2,48;35,13;38,43;-8,60
SAUDE_20260413_TALHAO_05;2026-04-13;TALHAO_05;FZ001;CUL005;ST002;66,60;62,00;66,70;5,20;1,60;0,42;48,14;54,36;-11,44
SAUDE_20260413_TALHAO_06;2026-04-13;TALHAO_06;FZ001;CUL006;ST002;77,40;72,10;71,20;4,89;0,99;0,21;83,79;85,78;-2,31
SAUDE_20260413_TALHAO_07;2026-04-13;TALHAO_07;FZ001;CUL007;ST001;83,50;77,20;87,50;5,89;1,12;0,27;166,50;171,80;-3,08
SAUDE_20260413_TALHAO_08;2026-04-13;TALHAO_08;FZ001;CUL008;ST002;62,70;66,30;64,10;6,16;4,01;0,90;43,73;48,99;-10,74
SAUDE_20260413_TALHAO_09;2026-04-13;TALHAO_09;FZ001;CUL001;ST002;66,20;72,50;68,90;16,14;8,25;1,32;56,87;63,86;-10,95
SAUDE_20260413_TALHAO_10;2026-04-13;TALHAO_10;FZ001;CUL002;ST002;71,60;76,30;66,60;9,83;3,42;0,29;116,62;124,85;-6,59
SAUDE_20260413_TALHAO_11;2026-04-13;TALHAO_11;FZ001;CUL003;ST001;85,00;79,10;79,00;16,07;1,64;0,63;52,94;54,38;-2,64
SAUDE_20260413_TALHAO_12;2026-04-13;TALHAO_12;FZ001;CUL004;ST002;76,30;70,10;79,30;10,83;2,51;0,42;43,81;44,70;-1,99
SAUDE_20260413_TALHAO_13;2026-04-13;TALHAO_13;FZ001;CUL005;ST002;64,50;57,20;60,30;1,42;0,75;0,13;46,65;52,49;-11,12
SAUDE_20260413_TALHAO_14;2026-04-13;TALHAO_14;FZ002;CUL006;ST002;72,30;74,90;73,00;7,25;3,52;0,37;84,84;89,03;-4,71
SAUDE_20260413_TALHAO_15;2026-04-13;TALHAO_15;FZ002;CUL007;ST003;59,90;56,40;66,80;4,62;1,62;0,78;158,82;171,39;-7,33
SAUDE_20260413_TALHAO_16;2026-04-13;TALHAO_16;FZ002;CUL008;ST001;83,90;83,20;84,70;15,01;2,93;0,43;45,73;48,54;-5,79
SAUDE_20260413_TALHAO_17;2026-04-13;TALHAO_17;FZ002;CUL001;ST003;58,20;63,80;59,20;8,07;2,97;2,25;57,71;65,10;-11,35
SAUDE_20260413_TALHAO_18;2026-04-13;TALHAO_18;FZ002;CUL002;ST003;54,30;56,60;58,60;9,17;4,47;3,43;106,97;126,26;-15,28
SAUDE_20260413_TALHAO_19;2026-04-13;TALHAO_19;FZ002;CUL003;ST002;63,10;64,50;68,90;6,02;3,21;1,32;50,37;54,06;-6,83
SAUDE_20260413_TALHAO_20;2026-04-13;TALHAO_20;FZ002;CUL004;ST001;85,40;80,40;77,30;6,66;1,30;0,00;43,28;44,40;-2,52
SAUDE_20260413_TALHAO_21;2026-04-13;TALHAO_21;FZ002;CUL005;ST002;79,90;75,60;71,70;15,11;4,26;0,07;51,57;52,11;-1,03
SAUDE_20260413_TALHAO_22;2026-04-13;TALHAO_22;FZ002;CUL006;ST003;57,30;57,50;64,60;3,75;2,57;1,09;77,37;84,57;-8,52
SAUDE_20260413_TALHAO_23;2026-04-13;TALHAO_23;FZ003;CUL007;ST001;81,70;85,30;82,60;3,72;0,97;0,02;161,07;173,55;-7,19
SAUDE_20260413_TALHAO_24;2026-04-13;TALHAO_24;FZ003;CUL008;ST002;62,50;61,60;66,90;1,85;0,70;0,21;39,88;45,57;-12,48
SAUDE_20260413_TALHAO_25;2026-04-13;TALHAO_25;FZ003;CUL001;ST003;59,50;57,20;69,30;0,62;0,22;0,15;54,88;58,84;-6,72
SAUDE_20260413_TALHAO_26;2026-04-13;TALHAO_26;FZ003;CUL002;ST001;92,10;85,10;88,30;10,84;0,94;0,01;123,70;126,15;-1,94
SAUDE_20260413_TALHAO_27;2026-04-13;TALHAO_27;FZ003;CUL003;ST001;85,60;80,50;93,60;3,40;0,57;0,08;52,00;52,43;-0,83
SAUDE_20260413_TALHAO_28;2026-04-13;TALHAO_28;FZ003;CUL004;ST003;58,80;52,40;47,60;1,14;0,73;0,34;39,73;44,16;-10,04
SAUDE_20260413_TALHAO_29;2026-04-13;TALHAO_29;FZ003;CUL005;ST002;68,70;75,20;77,50;2,33;1,28;0,13;53,80;57,00;-5,61
SAUDE_20260413_TALHAO_30;2026-04-13;TALHAO_30;FZ004;CUL006;ST002;73,20;78,00;70,90;44,47;12,84;2,16;82,02;85,78;-4,39
SAUDE_20260413_TALHAO_31;2026-04-13;TALHAO_31;FZ004;CUL007;ST002;70,30;64,10;66,50;14,78;7,61;0,37;156,45;167,88;-6,81
SAUDE_20260413_TALHAO_32;2026-04-13;TALHAO_32;FZ004;CUL008;ST002;64,60;65,30;58,20;7,86;4,11;1,34;41,60;45,99;-9,56
SAUDE_20260413_TALHAO_33;2026-04-13;TALHAO_33;FZ004;CUL001;ST002;74,80;68,40;71,50;6,13;2,40;0,26;62,95;63,82;-1,36
SAUDE_20260413_TALHAO_34;2026-04-13;TALHAO_34;FZ005;CUL002;ST001;92,40;89,50;99;11,48;0,39;0,40;129,14;127,52;1,28
SAUDE_20260413_TALHAO_35;2026-04-13;TALHAO_35;FZ005;CUL003;ST002;79,60;76,30;70,30;5,34;1,97;0,13;55,51;57,67;-3,73
SAUDE_20260413_TALHAO_36;2026-04-13;TALHAO_36;FZ005;CUL004;ST002;70,10;64,70;59,10;3,36;1,52;0,13;40,17;41,65;-3,54
SAUDE_20260413_TALHAO_37;2026-04-13;TALHAO_37;FZ005;CUL005;ST003;58,30;60,50;67,90;2,86;1,81;1,00;49,16;55,04;-10,69
SAUDE_20260413_TALHAO_38;2026-04-13;TALHAO_38;FZ005;CUL006;ST002;77,80;74,90;81,00;7,66;2,59;0,11;80,02;85,10;-5,98
SAUDE_20260413_TALHAO_39;2026-04-13;TALHAO_39;FZ005;CUL007;ST002;77,40;82,90;86,40;12,12;4,05;0,24;163,98;168,64;-2,76
SAUDE_20260413_TALHAO_40;2026-04-13;TALHAO_40;FZ005;CUL008;ST002;72,70;68,20;79,60;16,30;4,18;0,19;47,05;48,24;-2,45
SAUDE_20260420_TALHAO_01;2026-04-20;TALHAO_01;FZ001;CUL001;ST002;70,60;78,50;78,10;287,93;80,07;12,28;59,97;65,56;-8,53
SAUDE_20260420_TALHAO_02;2026-04-20;TALHAO_02;FZ001;CUL002;ST001;86,00;89,70;82,50;75,63;9,03;2,51;118,24;122,92;-3,80
SAUDE_20260420_TALHAO_03;2026-04-20;TALHAO_03;FZ001;CUL003;ST001;90,70;98,10;90,60;56,92;4,36;2,42;55,85;54,21;3,03
SAUDE_20260420_TALHAO_04;2026-04-20;TALHAO_04;FZ001;CUL004;ST002;78,80;84,10;88,40;47,67;14,74;0,15;42,27;42,89;-1,45
SAUDE_20260420_TALHAO_05;2026-04-20;TALHAO_05;FZ001;CUL005;ST002;69,40;76,50;62,70;4,65;2,42;0,14;49,56;53,74;-7,77
SAUDE_20260420_TALHAO_06;2026-04-20;TALHAO_06;FZ001;CUL006;ST001;83,60;88,20;89,80;4,90;1,02;0,17;84,00;88,54;-5,13
SAUDE_20260420_TALHAO_07;2026-04-20;TALHAO_07;FZ001;CUL007;ST001;85,70;78,70;82,10;5,75;1,30;0,23;173,29;173,03;0,15
SAUDE_20260420_TALHAO_08;2026-04-20;TALHAO_08;FZ001;CUL008;ST002;62,40;60,40;64,70;6,57;3,15;1,35;42,24;46,39;-8,94
SAUDE_20260420_TALHAO_09;2026-04-20;TALHAO_09;FZ001;CUL001;ST002;60,60;57,50;59,60;14,49;7,81;3,41;53,60;59,92;-10,56
SAUDE_20260420_TALHAO_10;2026-04-20;TALHAO_10;FZ001;CUL002;ST002;70,50;64,80;77,60;10,35;2,74;0,45;113,72;127,00;-10,45
SAUDE_20260420_TALHAO_11;2026-04-20;TALHAO_11;FZ001;CUL003;ST001;87,50;84,10;79,30;14,59;3,59;0,15;50,81;51,80;-1,91
SAUDE_20260420_TALHAO_12;2026-04-20;TALHAO_12;FZ001;CUL004;ST002;74,80;68,90;69,20;10,90;2,56;0,30;40,16;44,29;-9,33
SAUDE_20260420_TALHAO_13;2026-04-20;TALHAO_13;FZ001;CUL005;ST003;59,30;56,60;53,40;1,19;0,76;0,35;52,94;58,32;-9,22
SAUDE_20260420_TALHAO_14;2026-04-20;TALHAO_14;FZ002;CUL006;ST002;73,90;74,90;77,40;7,62;3,33;0,19;79,34;84,59;-6,21
SAUDE_20260420_TALHAO_15;2026-04-20;TALHAO_15;FZ002;CUL007;ST003;57,50;49,90;50,20;4,07;1,85;1,08;148,24;169,26;-12,42
SAUDE_20260420_TALHAO_16;2026-04-20;TALHAO_16;FZ002;CUL008;ST001;82,20;79,10;72,10;16,53;1,30;0,54;47,24;47,31;-0,14
SAUDE_20260420_TALHAO_17;2026-04-20;TALHAO_17;FZ002;CUL001;ST003;57,50;50,00;57,00;7,09;4,40;1,80;54,62;62,39;-12,47
SAUDE_20260420_TALHAO_18;2026-04-20;TALHAO_18;FZ002;CUL002;ST003;57,30;59,30;64,90;9,95;4,11;3,02;115,16;128,32;-10,25
SAUDE_20260420_TALHAO_19;2026-04-20;TALHAO_19;FZ002;CUL003;ST002;70,30;71,80;61,60;7,95;2,19;0,41;53,06;58,13;-8,73
SAUDE_20260420_TALHAO_20;2026-04-20;TALHAO_20;FZ002;CUL004;ST001;84,90;88,40;92,50;7,09;0,65;0,22;37,37;38,31;-2,46
SAUDE_20260420_TALHAO_21;2026-04-20;TALHAO_21;FZ002;CUL005;ST001;82,20;84,10;79,70;14,85;4,46;0,12;52,41;55,97;-6,36
SAUDE_20260420_TALHAO_22;2026-04-20;TALHAO_22;FZ002;CUL006;ST003;51,70;51,90;58,80;3,37;2,39;1,66;78,40;87,65;-10,56
SAUDE_20260420_TALHAO_23;2026-04-20;TALHAO_23;FZ003;CUL007;ST001;83,00;88,60;76,90;3,92;0,63;0,16;164,12;168,32;-2,50
SAUDE_20260420_TALHAO_24;2026-04-20;TALHAO_24;FZ003;CUL008;ST002;60,60;62,10;66,20;1,82;0,64;0,30;46,43;49,50;-6,19
SAUDE_20260420_TALHAO_25;2026-04-20;TALHAO_25;FZ003;CUL001;ST003;58,70;52,80;61,40;0,51;0,31;0,16;55,95;62,08;-9,88
SAUDE_20260420_TALHAO_26;2026-04-20;TALHAO_26;FZ003;CUL002;ST001;83,40;85,20;78,40;10,20;1,33;0,26;120,53;123,32;-2,26
SAUDE_20260420_TALHAO_27;2026-04-20;TALHAO_27;FZ003;CUL003;ST001;81,70;80,90;86,20;3,01;0,90;0,14;48,55;51,54;-5,79
SAUDE_20260420_TALHAO_28;2026-04-20;TALHAO_28;FZ003;CUL004;ST002;66,40;70,10;59,80;1,63;0,45;0,13;42,79;45,49;-5,94
SAUDE_20260420_TALHAO_29;2026-04-20;TALHAO_29;FZ003;CUL005;ST002;71,20;75,40;75,10;2,58;1,02;0,14;47,21;51,34;-8,04
SAUDE_20260420_TALHAO_30;2026-04-20;TALHAO_30;FZ004;CUL006;ST002;74,30;75,10;71,80;40,85;17,71;0,91;82,89;90,11;-8,02
SAUDE_20260420_TALHAO_31;2026-04-20;TALHAO_31;FZ004;CUL007;ST002;74,40;77,90;70,90;18,40;3,64;0,72;162,39;167,90;-3,28
SAUDE_20260420_TALHAO_32;2026-04-20;TALHAO_32;FZ004;CUL008;ST003;58,40;53,60;67,90;8,54;3,22;1,54;45,86;49,62;-7,58
SAUDE_20260420_TALHAO_33;2026-04-20;TALHAO_33;FZ004;CUL001;ST002;76,90;75,30;83,90;6,80;1,74;0,26;58,90;61,11;-3,63
SAUDE_20260420_TALHAO_34;2026-04-20;TALHAO_34;FZ005;CUL002;ST001;90,10;88,80;88,10;10,81;1,17;0,30;121,62;126,19;-3,62
SAUDE_20260420_TALHAO_35;2026-04-20;TALHAO_35;FZ005;CUL003;ST001;83,10;78,00;74,10;6,24;0,99;0,22;51,72;51,52;0,38
SAUDE_20260420_TALHAO_36;2026-04-20;TALHAO_36;FZ005;CUL004;ST002;68,00;65,90;63,00;3,52;1,24;0,26;40,99;43,02;-4,73
SAUDE_20260420_TALHAO_37;2026-04-20;TALHAO_37;FZ005;CUL005;ST003;57,90;58,90;50,70;3,70;1,08;0,90;45,80;52,81;-13,27
SAUDE_20260420_TALHAO_38;2026-04-20;TALHAO_38;FZ005;CUL006;ST002;71,60;79,40;60,70;6,71;3,23;0,41;81,62;84,57;-3,49
SAUDE_20260420_TALHAO_39;2026-04-20;TALHAO_39;FZ005;CUL007;ST002;77,60;83,10;71,40;13,70;2,19;0,52;159,65;173,75;-8,12
SAUDE_20260420_TALHAO_40;2026-04-20;TALHAO_40;FZ005;CUL008;ST002;69,30;68,70;74,60;15,90;3,61;1,16;45,51;50,32;-9,57
SAUDE_20260427_TALHAO_01;2026-04-27;TALHAO_01;FZ001;CUL001;ST002;76,00;71,90;73,70;291,39;85,25;3,64;55,52;60,98;-8,96
SAUDE_20260427_TALHAO_02;2026-04-27;TALHAO_02;FZ001;CUL002;ST001;82,80;86,30;86,20;73,11;11,36;2,70;128,46;128,78;-0,25
SAUDE_20260427_TALHAO_03;2026-04-27;TALHAO_03;FZ001;CUL003;ST001;93,00;96,70;87,80;63,70;0;0,62;54,66;54,77;-0,19
SAUDE_20260427_TALHAO_04;2026-04-27;TALHAO_04;FZ001;CUL004;ST002;78,90;74,30;83,20;48,89;13,54;0,11;37,05;38,49;-3,75
SAUDE_20260427_TALHAO_05;2026-04-27;TALHAO_05;FZ001;CUL005;ST002;66,20;72,50;75,90;4,77;1,76;0,69;54,58;58,06;-5,99
SAUDE_20260427_TALHAO_06;2026-04-27;TALHAO_06;FZ001;CUL006;ST002;76,70;83,50;82,50;4,66;1,34;0,09;87,26;88,32;-1,20
SAUDE_20260427_TALHAO_07;2026-04-27;TALHAO_07;FZ001;CUL007;ST001;85,50;86,10;81,00;5,87;1,34;0,07;170,58;172,34;-1,02
SAUDE_20260427_TALHAO_08;2026-04-27;TALHAO_08;FZ001;CUL008;ST002;62,30;60,40;59,80;6,39;3,73;0,95;48,62;51,88;-6,27
SAUDE_20260427_TALHAO_09;2026-04-27;TALHAO_09;FZ001;CUL001;ST002;69,30;73,40;64,00;18,79;5,66;1,25;56,37;62,96;-10,47
SAUDE_20260427_TALHAO_10;2026-04-27;TALHAO_10;FZ001;CUL002;ST002;69,40;69,20;79,20;9,03;3,87;0,65;121,68;125,40;-2,97
SAUDE_20260427_TALHAO_11;2026-04-27;TALHAO_11;FZ001;CUL003;ST001;84,10;87,70;78,70;16,13;1,96;0,25;51,88;52,11;-0,45
SAUDE_20260427_TALHAO_12;2026-04-27;TALHAO_12;FZ001;CUL004;ST002;74,80;76,80;74,00;10,95;2,62;0,19;41,68;43,81;-4,86
SAUDE_20260427_TALHAO_13;2026-04-27;TALHAO_13;FZ001;CUL005;ST002;60,20;56,40;65,50;1,22;0,73;0,35;46,31;51,57;-10,20
SAUDE_20260427_TALHAO_14;2026-04-27;TALHAO_14;FZ002;CUL006;ST002;74,60;76,40;66,00;8,82;2,05;0,27;84,62;89,70;-5,66
SAUDE_20260427_TALHAO_15;2026-04-27;TALHAO_15;FZ002;CUL007;ST003;54,70;55,10;54,00;3,94;1,97;1,10;154,39;170,23;-9,30
SAUDE_20260427_TALHAO_16;2026-04-27;TALHAO_16;FZ002;CUL008;ST001;83,40;86,50;90,70;16,40;1,45;0,52;48,75;48,53;0,47
SAUDE_20260427_TALHAO_17;2026-04-27;TALHAO_17;FZ002;CUL001;ST002;62,00;65,40;63,10;8,76;2,93;1,61;60,29;64,60;-6,67
SAUDE_20260427_TALHAO_18;2026-04-27;TALHAO_18;FZ002;CUL002;ST003;58,60;57,40;52,70;9,01;5,83;2,23;107,93;125,30;-13,86
SAUDE_20260427_TALHAO_19;2026-04-27;TALHAO_19;FZ002;CUL003;ST002;64,90;62,30;62,70;7,12;2,61;0,82;49,03;52,65;-6,87
SAUDE_20260427_TALHAO_20;2026-04-27;TALHAO_20;FZ002;CUL004;ST002;78,40;81,60;75,60;6,62;1,22;0,13;39,21;39,60;-0,99
SAUDE_20260427_TALHAO_21;2026-04-27;TALHAO_21;FZ002;CUL005;ST002;78,50;82,00;69,30;13,74;5,24;0,45;49,34;51,74;-4,65
SAUDE_20260427_TALHAO_22;2026-04-27;TALHAO_22;FZ002;CUL006;ST003;59,50;57,70;65,30;4,44;1,96;1,01;75,29;85,32;-11,76
SAUDE_20260427_TALHAO_23;2026-04-27;TALHAO_23;FZ003;CUL007;ST001;80,10;74,00;85,10;3,55;0,97;0,18;163,38;170,61;-4,24
SAUDE_20260427_TALHAO_24;2026-04-27;TALHAO_24;FZ003;CUL008;ST002;65,60;69,70;66,00;1,74;0,89;0,13;47,17;51,76;-8,86
SAUDE_20260427_TALHAO_25;2026-04-27;TALHAO_25;FZ003;CUL001;ST002;61,10;54,00;51,70;0,55;0,30;0,14;53,39;58,65;-8,98
SAUDE_20260427_TALHAO_26;2026-04-27;TALHAO_26;FZ003;CUL002;ST001;85,20;90,30;90,50;9,97;1,56;0,26;119,11;121,96;-2,34
SAUDE_20260427_TALHAO_27;2026-04-27;TALHAO_27;FZ003;CUL003;ST001;87,80;90,40;88,40;3,56;0,36;0,13;51,16;53,27;-3,97
SAUDE_20260427_TALHAO_28;2026-04-27;TALHAO_28;FZ003;CUL004;ST002;62,40;67,20;56,70;1,46;0,49;0,27;34,50;38,35;-10,05
SAUDE_20260427_TALHAO_29;2026-04-27;TALHAO_29;FZ003;CUL005;ST002;70,80;76,00;66,90;2,70;0,92;0,12;49,38;51,61;-4,33
SAUDE_20260427_TALHAO_30;2026-04-27;TALHAO_30;FZ004;CUL006;ST002;73,20;67,70;67,20;47,09;10,47;1,90;84,50;90,83;-6,97
SAUDE_20260427_TALHAO_31;2026-04-27;TALHAO_31;FZ004;CUL007;ST002;73,90;70,80;77,00;18,06;4,27;0,43;154,95;166,09;-6,71
SAUDE_20260427_TALHAO_32;2026-04-27;TALHAO_32;FZ004;CUL008;ST002;65,30;72,20;55,50;8,01;3,97;1,33;41,31;44,18;-6,48
SAUDE_20260427_TALHAO_33;2026-04-27;TALHAO_33;FZ004;CUL001;ST002;76,90;76,20;82,30;7,18;1,44;0,17;56,28;59,48;-5,40
SAUDE_20260427_TALHAO_34;2026-04-27;TALHAO_34;FZ005;CUL002;ST001;96;97,30;98,10;12,27;0;0,02;125,39;122,27;2,56
SAUDE_20260427_TALHAO_35;2026-04-27;TALHAO_35;FZ005;CUL003;ST001;83,50;79,90;88,70;6,00;1,44;0,00;54,03;57,32;-5,73
SAUDE_20260427_TALHAO_36;2026-04-27;TALHAO_36;FZ005;CUL004;ST002;67,10;72,10;61,00;3,68;1,14;0,20;36,70;41,37;-11,29
SAUDE_20260427_TALHAO_37;2026-04-27;TALHAO_37;FZ005;CUL005;ST002;60,90;68,80;63,00;3,57;1,41;0,70;46,51;53,49;-13,05
SAUDE_20260427_TALHAO_38;2026-04-27;TALHAO_38;FZ005;CUL006;ST002;76,70;69,40;70,40;7,73;2,30;0,33;85,44;90,30;-5,39
SAUDE_20260427_TALHAO_39;2026-04-27;TALHAO_39;FZ005;CUL007;ST002;76,20;71,70;74,00;12,27;3,88;0,26;163,88;170,23;-3,73
SAUDE_20260427_TALHAO_40;2026-04-27;TALHAO_40;FZ005;CUL008;ST002;73,30;80,80;67,60;13,87;6,09;0,72;50,38;51,60;-2,36
SAUDE_20260504_TALHAO_01;2026-05-04;TALHAO_01;FZ001;CUL001;ST002;74,10;75,30;80,20;271,24;102,13;6,91;58,07;63,48;-8,53
SAUDE_20260504_TALHAO_02;2026-05-04;TALHAO_02;FZ001;CUL002;ST002;79,00;73,50;88,20;64,38;19,61;3,18;122,64;126,61;-3,13
SAUDE_20260504_TALHAO_03;2026-05-04;TALHAO_03;FZ001;CUL003;ST001;89,80;85,60;81,20;54,47;9,11;0,12;55,06;54,14;1,69
SAUDE_20260504_TALHAO_04;2026-05-04;TALHAO_04;FZ001;CUL004;ST002;76,80;69,80;84,20;51,51;10,21;0,84;41,48;43,72;-5,12
SAUDE_20260504_TALHAO_05;2026-05-04;TALHAO_05;FZ001;CUL005;ST002;64,60;58,20;69,20;4,59;1,83;0,80;47,75;51,15;-6,64
SAUDE_20260504_TALHAO_06;2026-05-04;TALHAO_06;FZ001;CUL006;ST002;79,80;82,50;71,20;4,82;1,07;0,20;77,95;84,04;-7,24
SAUDE_20260504_TALHAO_07;2026-05-04;TALHAO_07;FZ001;CUL007;ST001;85,60;79,90;81,90;6,75;0,40;0,13;166,64;171,08;-2,60
SAUDE_20260504_TALHAO_08;2026-05-04;TALHAO_08;FZ001;CUL008;ST002;61,50;66,10;71,00;6,71;2,95;1,42;43,93;50,37;-12,78
SAUDE_20260504_TALHAO_09;2026-05-04;TALHAO_09;FZ001;CUL001;ST002;62,50;64,80;59,60;15,77;6,63;3,30;54,36;60,38;-9,97
SAUDE_20260504_TALHAO_10;2026-05-04;TALHAO_10;FZ001;CUL002;ST002;68,50;66,90;56,60;8,55;4,33;0,66;117,89;127,82;-7,77
SAUDE_20260504_TALHAO_11;2026-05-04;TALHAO_11;FZ001;CUL003;ST001;85,90;93,20;78,40;15,36;2,28;0,70;51,62;51,97;-0,68
SAUDE_20260504_TALHAO_12;2026-05-04;TALHAO_12;FZ001;CUL004;ST001;80,90;77,10;90,90;12,14;1,57;0,05;36,83;38,30;-3,84
SAUDE_20260504_TALHAO_13;2026-05-04;TALHAO_13;FZ001;CUL005;ST002;67,30;61,30;75,60;1,61;0,62;0,06;50,84;54,14;-6,09
SAUDE_20260504_TALHAO_14;2026-05-04;TALHAO_14;FZ002;CUL006;ST002;75,70;71,30;84,70;8,09;2,85;0,21;82,95;88,25;-6,00
SAUDE_20260504_TALHAO_15;2026-05-04;TALHAO_15;FZ002;CUL007;ST003;55,70;57,50;51,80;3,71;1,98;1,32;158,26;171,22;-7,57
SAUDE_20260504_TALHAO_16;2026-05-04;TALHAO_16;FZ002;CUL008;ST002;77,20;80,70;70,30;13,15;5,22;0,00;48,44;49,22;-1,58
SAUDE_20260504_TALHAO_17;2026-05-04;TALHAO_17;FZ002;CUL001;ST003;58,80;60,10;55,90;8,77;2,75;1,77;59,31;65,32;-9,21
SAUDE_20260504_TALHAO_18;2026-05-04;TALHAO_18;FZ002;CUL002;ST003;57,10;64,20;47,60;9,52;4,49;3,06;108,84;126,10;-13,69
SAUDE_20260504_TALHAO_19;2026-05-04;TALHAO_19;FZ002;CUL003;ST002;69,90;77,80;71,00;7,03;3,42;0,10;53,26;57,16;-6,81
SAUDE_20260504_TALHAO_20;2026-05-04;TALHAO_20;FZ002;CUL004;ST002;77,80;77,60;67,60;5,81;2,01;0,15;38,62;39,98;-3,38
SAUDE_20260504_TALHAO_21;2026-05-04;TALHAO_21;FZ002;CUL005;ST001;83,00;78,10;78,00;17,50;1,40;0,53;54,74;55,22;-0,87
SAUDE_20260504_TALHAO_22;2026-05-04;TALHAO_22;FZ002;CUL006;ST003;54,20;60,80;47,40;3,81;2,33;1,27;76,42;86,13;-11,27
SAUDE_20260504_TALHAO_23;2026-05-04;TALHAO_23;FZ003;CUL007;ST001;84,70;79,40;90,40;4,03;0,64;0,04;169,59;172,93;-1,93
SAUDE_20260504_TALHAO_24;2026-05-04;TALHAO_24;FZ003;CUL008;ST002;64,70;70,30;54,00;1,92;0,64;0,19;43,99;47,41;-7,22
SAUDE_20260504_TALHAO_25;2026-05-04;TALHAO_25;FZ003;CUL001;ST003;56,80;55,90;55,70;0,52;0,31;0,14;51,78;60,44;-14,33
SAUDE_20260504_TALHAO_26;2026-05-04;TALHAO_26;FZ003;CUL002;ST001;86,60;83,50;86,80;9,70;1,90;0,19;130,02;128,02;1,56
SAUDE_20260504_TALHAO_27;2026-05-04;TALHAO_27;FZ003;CUL003;ST001;82,00;85,00;73,50;3,45;0,45;0,16;51,67;52,70;-1,95
SAUDE_20260504_TALHAO_28;2026-05-04;TALHAO_28;FZ003;CUL004;ST002;64,40;58,20;68,40;1,40;0,60;0,22;35,63;39,09;-8,85
SAUDE_20260504_TALHAO_29;2026-05-04;TALHAO_29;FZ003;CUL005;ST002;74,10;78,80;68,50;2,93;0,80;0,01;55,63;56,70;-1,89
SAUDE_20260504_TALHAO_30;2026-05-04;TALHAO_30;FZ004;CUL006;ST002;71,30;64,10;69,10;39,31;19,26;0,90;83,03;87,87;-5,50
SAUDE_20260504_TALHAO_31;2026-05-04;TALHAO_31;FZ004;CUL007;ST002;72,70;67,70;66,70;15,04;7,52;0,20;161,59;169,79;-4,83
SAUDE_20260504_TALHAO_32;2026-05-04;TALHAO_32;FZ004;CUL008;ST002;63,60;59,90;68,30;7,60;4,64;1,08;48,37;51,77;-6,57
SAUDE_20260504_TALHAO_33;2026-05-04;TALHAO_33;FZ004;CUL001;ST001;80,80;80,10;72,20;7,02;1,72;0,05;61,25;63,63;-3,73
SAUDE_20260504_TALHAO_34;2026-05-04;TALHAO_34;FZ005;CUL002;ST001;96;88,10;95,00;11,34;0,48;0,45;126,02;125,24;0,63
SAUDE_20260504_TALHAO_35;2026-05-04;TALHAO_35;FZ005;CUL003;ST001;82,20;89,70;71,00;6,27;1,04;0,14;55,01;57,24;-3,89
SAUDE_20260504_TALHAO_36;2026-05-04;TALHAO_36;FZ005;CUL004;ST002;69,50;77,00;78,40;3,57;1,37;0,09;41,75;43,24;-3,44
SAUDE_20260504_TALHAO_37;2026-05-04;TALHAO_37;FZ005;CUL005;ST003;56,90;54,80;65,90;3,52;1,22;0,95;50,88;54,59;-6,80
SAUDE_20260504_TALHAO_38;2026-05-04;TALHAO_38;FZ005;CUL006;ST002;72,30;79,20;78,70;6,84;3,50;0,02;85,51;90,04;-5,03
SAUDE_20260504_TALHAO_39;2026-05-04;TALHAO_39;FZ005;CUL007;ST002;76,40;71,10;67,20;11,86;4,44;0,11;158,15;166,18;-4,83
SAUDE_20260504_TALHAO_40;2026-05-04;TALHAO_40;FZ005;CUL008;ST002;67,30;73,90;73,40;13,22;5,94;1,51;41,37;46,15;-10,37
SAUDE_20260511_TALHAO_01;2026-05-11;TALHAO_01;FZ001;CUL001;ST002;74,40;77,50;74,40;300,58;71,44;8,26;62,31;65,84;-5,36
SAUDE_20260511_TALHAO_02;2026-05-11;TALHAO_02;FZ001;CUL002;ST001;82,70;81,50;78,70;66,79;18,58;1,81;118,79;123,89;-4,11
SAUDE_20260511_TALHAO_03;2026-05-11;TALHAO_03;FZ001;CUL003;ST001;93,10;91,90;89,70;62,15;0;1,78;52,01;51,57;0,85
SAUDE_20260511_TALHAO_04;2026-05-11;TALHAO_04;FZ001;CUL004;ST002;77,00;72,60;75,70;51,13;9,14;2,28;43,21;44,68;-3,30
SAUDE_20260511_TALHAO_05;2026-05-11;TALHAO_05;FZ001;CUL005;ST002;60,10;61,80;67,50;4,12;2,20;0,89;48,88;56,51;-13,51
SAUDE_20260511_TALHAO_06;2026-05-11;TALHAO_06;FZ001;CUL006;ST002;79,30;77,60;87,70;5,25;0,82;0,02;81,80;84,72;-3,44
SAUDE_20260511_TALHAO_07;2026-05-11;TALHAO_07;FZ001;CUL007;ST001;90,80;89,80;86,70;6,78;0,41;0,09;166,80;170,56;-2,21
SAUDE_20260511_TALHAO_08;2026-05-11;TALHAO_08;FZ001;CUL008;ST002;62,60;70,30;69,40;6,92;2,71;1,45;44,13;48,43;-8,87
SAUDE_20260511_TALHAO_09;2026-05-11;TALHAO_09;FZ001;CUL001;ST002;70,30;73,70;74,90;16,20;9,45;0,06;54,21;58,28;-6,97
SAUDE_20260511_TALHAO_10;2026-05-11;TALHAO_10;FZ001;CUL002;ST003;59,80;60,40;67,10;8,15;3,21;2,19;117,38;125,55;-6,51
SAUDE_20260511_TALHAO_11;2026-05-11;TALHAO_11;FZ001;CUL003;ST001;83,10;75,20;85,50;14,12;4,07;0,16;50,28;51,45;-2,26
SAUDE_20260511_TALHAO_12;2026-05-11;TALHAO_12;FZ001;CUL004;ST001;82,40;85,00;81,80;11,76;1,94;0,07;43,49;43,80;-0,71
SAUDE_20260511_TALHAO_13;2026-05-11;TALHAO_13;FZ001;CUL005;ST002;63,30;58,00;59,50;1,37;0,75;0,18;51,86;56,67;-8,48
SAUDE_20260511_TALHAO_14;2026-05-11;TALHAO_14;FZ002;CUL006;ST001;81,10;76,10;86,60;8,93;2,04;0,17;87,50;88,42;-1,04
SAUDE_20260511_TALHAO_15;2026-05-11;TALHAO_15;FZ002;CUL007;ST003;48,00;48,60;45,00;2,97;2,14;1,90;143,75;168,00;-14,44
SAUDE_20260511_TALHAO_16;2026-05-11;TALHAO_16;FZ002;CUL008;ST001;82,90;88,40;74,40;13,79;3,96;0,62;46,13;46,11;0,04
SAUDE_20260511_TALHAO_17;2026-05-11;TALHAO_17;FZ002;CUL001;ST002;61,10;66,00;67,00;7,53;4,02;1,74;59,75;63,94;-6,56
SAUDE_20260511_TALHAO_18;2026-05-11;TALHAO_18;FZ002;CUL002;ST003;58,60;51,50;57,50;9,33;4,99;2,76;110,18;128,31;-14,13
SAUDE_20260511_TALHAO_19;2026-05-11;TALHAO_19;FZ002;CUL003;ST002;73,40;70,90;79,30;7,05;3,32;0,18;47,37;51,76;-8,48
SAUDE_20260511_TALHAO_20;2026-05-11;TALHAO_20;FZ002;CUL004;ST001;80,40;83,60;72,90;6,50;1,27;0,20;36,77;38,07;-3,40
SAUDE_20260511_TALHAO_21;2026-05-11;TALHAO_21;FZ002;CUL005;ST002;79,20;84,70;82,50;16,41;2,59;0,43;52,10;53,27;-2,19
SAUDE_20260511_TALHAO_22;2026-05-11;TALHAO_22;FZ002;CUL006;ST003;52,00;58,20;47,40;3,77;2,06;1,58;81,35;91,54;-11,14
SAUDE_20260511_TALHAO_23;2026-05-11;TALHAO_23;FZ003;CUL007;ST001;83,20;75,50;84,90;3,98;0,60;0,13;160,01;169,53;-5,62
SAUDE_20260511_TALHAO_24;2026-05-11;TALHAO_24;FZ003;CUL008;ST002;66,30;67,30;60,10;1,98;0,57;0,22;42,98;47,76;-9,99
SAUDE_20260511_TALHAO_25;2026-05-11;TALHAO_25;FZ003;CUL001;ST003;55,70;60,70;64,50;0,52;0,27;0,19;52,52;61,19;-14,16
SAUDE_20260511_TALHAO_26;2026-05-11;TALHAO_26;FZ003;CUL002;ST001;87,20;80,20;90,60;10,74;0,93;0,12;118,48;124,72;-5,00
SAUDE_20260511_TALHAO_27;2026-05-11;TALHAO_27;FZ003;CUL003;ST001;82,40;90,20;74,20;3,33;0,56;0,15;55,96;58,20;-3,84
SAUDE_20260511_TALHAO_28;2026-05-11;TALHAO_28;FZ003;CUL004;ST002;64,30;58,10;73,60;1,58;0,39;0,24;34,80;39,03;-10,83
SAUDE_20260511_TALHAO_29;2026-05-11;TALHAO_29;FZ003;CUL005;ST002;74,50;77,80;68,40;2,92;0,72;0,11;47,68;51,52;-7,46
SAUDE_20260511_TALHAO_30;2026-05-11;TALHAO_30;FZ004;CUL006;ST002;71,90;67,40;73,30;41,40;17,10;0,97;82,06;87,88;-6,62
SAUDE_20260511_TALHAO_31;2026-05-11;TALHAO_31;FZ004;CUL007;ST002;70,40;78,00;75,50;16,70;5,29;0,77;163,89;171,45;-4,41
SAUDE_20260511_TALHAO_32;2026-05-11;TALHAO_32;FZ004;CUL008;ST003;59,50;52,00;64,20;7,06;4,10;2,16;45,21;51,40;-12,05
SAUDE_20260511_TALHAO_33;2026-05-11;TALHAO_33;FZ004;CUL001;ST001;82,20;81,00;79,60;7,43;1,10;0,26;61,64;64,49;-4,41
SAUDE_20260511_TALHAO_34;2026-05-11;TALHAO_34;FZ005;CUL002;ST001;95,90;93,80;86,60;11,75;0,06;0,46;129,72;124,71;4,02
SAUDE_20260511_TALHAO_35;2026-05-11;TALHAO_35;FZ005;CUL003;ST002;79,90;83,90;83,20;6,16;1,18;0,11;50,53;51,38;-1,66
SAUDE_20260511_TALHAO_36;2026-05-11;TALHAO_36;FZ005;CUL004;ST002;68,70;65,80;69,90;3,60;1,15;0,27;38,06;39,48;-3,60
SAUDE_20260511_TALHAO_37;2026-05-11;TALHAO_37;FZ005;CUL005;ST003;56,60;64,10;48,20;2,89;1,97;0,82;45,07;51,14;-11,88
SAUDE_20260511_TALHAO_38;2026-05-11;TALHAO_38;FZ005;CUL006;ST002;75,60;69,60;78,30;8,54;1,78;0,04;83,20;89,02;-6,53
SAUDE_20260511_TALHAO_39;2026-05-11;TALHAO_39;FZ005;CUL007;ST001;82,80;88,30;84,90;12,74;3,03;0,63;161,04;167,74;-3,99
SAUDE_20260511_TALHAO_40;2026-05-11;TALHAO_40;FZ005;CUL008;ST002;67,60;63,90;70,80;14,83;4,79;1,05;45,03;48,00;-6,18
SAUDE_20260518_TALHAO_01;2026-05-18;TALHAO_01;FZ001;CUL001;ST002;74,60;80,80;69,00;269,49;107,03;3,76;55,12;60,17;-8,38
SAUDE_20260518_TALHAO_02;2026-05-18;TALHAO_02;FZ001;CUL002;ST001;81,50;83,00;86,20;70,46;16,37;0,34;128,74;128,57;0,13
SAUDE_20260518_TALHAO_03;2026-05-18;TALHAO_03;FZ001;CUL003;ST001;94,00;94,30;99;63,70;0;2,03;54,76;53,94;1,51
SAUDE_20260518_TALHAO_04;2026-05-18;TALHAO_04;FZ001;CUL004;ST002;78,00;82,60;73,80;45,59;15,04;1,91;40,83;42,12;-3,06
SAUDE_20260518_TALHAO_05;2026-05-18;TALHAO_05;FZ001;CUL005;ST002;61,70;61,30;52,50;4,11;2,34;0,76;49,76;57,38;-13,29
SAUDE_20260518_TALHAO_06;2026-05-18;TALHAO_06;FZ001;CUL006;ST002;74,00;68,10;65,60;4,06;1,86;0,18;84,65;87,00;-2,70
SAUDE_20260518_TALHAO_07;2026-05-18;TALHAO_07;FZ001;CUL007;ST001;90,60;88,20;78,70;6,44;0,67;0,18;162,64;166,03;-2,04
SAUDE_20260518_TALHAO_08;2026-05-18;TALHAO_08;FZ001;CUL008;ST002;68,80;76,60;67,20;7,31;3,19;0,58;45,68;49,14;-7,04
SAUDE_20260518_TALHAO_09;2026-05-18;TALHAO_09;FZ001;CUL001;ST002;68,20;61,20;62,10;16,83;7,70;1,18;58,76;61,32;-4,17
SAUDE_20260518_TALHAO_10;2026-05-18;TALHAO_10;FZ001;CUL002;ST002;64,10;64,60;63,30;7,61;4,45;1,48;117,91;127,23;-7,33
SAUDE_20260518_TALHAO_11;2026-05-18;TALHAO_11;FZ001;CUL003;ST001;80,70;81,30;73,60;15,44;2,46;0,43;54,01;58,22;-7,23
SAUDE_20260518_TALHAO_12;2026-05-18;TALHAO_12;FZ001;CUL004;ST001;81,30;81,40;86,10;10,66;2,77;0,34;42,75;44,95;-4,89
SAUDE_20260518_TALHAO_13;2026-05-18;TALHAO_13;FZ001;CUL005;ST002;65,20;71,30;57,80;1,41;0,70;0,19;46,38;52,49;-11,65
SAUDE_20260518_TALHAO_14;2026-05-18;TALHAO_14;FZ002;CUL006;ST001;85,00;81,70;82,80;8,66;2,18;0,30;83,04;88,00;-5,63
SAUDE_20260518_TALHAO_15;2026-05-18;TALHAO_15;FZ002;CUL007;ST003;49,20;53,30;56,80;3,89;1,43;1,69;150,24;171,70;-12,50
SAUDE_20260518_TALHAO_16;2026-05-18;TALHAO_16;FZ002;CUL008;ST002;78,10;83,90;79,50;15,45;2,30;0,63;48,41;49,53;-2,25
SAUDE_20260518_TALHAO_17;2026-05-18;TALHAO_17;FZ002;CUL001;ST002;62,80;55,50;71,20;7,97;4,18;1,14;55,50;58,61;-5,31
SAUDE_20260518_TALHAO_18;2026-05-18;TALHAO_18;FZ002;CUL002;ST003;57,10;64,90;65,50;8,82;5,08;3,17;110,28;122,04;-9,64
SAUDE_20260518_TALHAO_19;2026-05-18;TALHAO_19;FZ002;CUL003;ST002;70,40;68,00;67,10;8,05;2,45;0,05;54,76;58,07;-5,69
SAUDE_20260518_TALHAO_20;2026-05-18;TALHAO_20;FZ002;CUL004;ST002;73,50;79,50;61,80;5,51;2,22;0,23;39,15;40,77;-3,98
SAUDE_20260518_TALHAO_21;2026-05-18;TALHAO_21;FZ002;CUL005;ST002;78,60;85,20;76,40;15,20;3,96;0,27;49,45;52,04;-4,96
SAUDE_20260518_TALHAO_22;2026-05-18;TALHAO_22;FZ002;CUL006;ST003;55,30;51,30;46,40;4,17;2,00;1,25;78,78;86,39;-8,81
SAUDE_20260518_TALHAO_23;2026-05-18;TALHAO_23;FZ003;CUL007;ST001;89,30;90,30;92,00;4,26;0,36;0,09;170,59;171,61;-0,59
SAUDE_20260518_TALHAO_24;2026-05-18;TALHAO_24;FZ003;CUL008;ST002;71,70;74,70;69,60;1,84;0,90;0,02;45,81;50,68;-9,61
SAUDE_20260518_TALHAO_25;2026-05-18;TALHAO_25;FZ003;CUL001;ST003;51,40;47,00;55,90;0,53;0,26;0,19;54,59;60,96;-10,45
SAUDE_20260518_TALHAO_26;2026-05-18;TALHAO_26;FZ003;CUL002;ST001;80,60;81,20;89,80;10,06;1,42;0,32;121,26;125,63;-3,47
SAUDE_20260518_TALHAO_27;2026-05-18;TALHAO_27;FZ003;CUL003;ST001;86,30;85,80;96,20;3,33;0,62;0,10;57,06;56,64;0,74
SAUDE_20260518_TALHAO_28;2026-05-18;TALHAO_28;FZ003;CUL004;ST002;68,60;74,50;56,60;1,39;0,78;0,04;41,04;44,26;-7,27
SAUDE_20260518_TALHAO_29;2026-05-18;TALHAO_29;FZ003;CUL005;ST002;73,60;65,60;66,00;2,50;1,17;0,07;51,78;53,37;-2,97
SAUDE_20260518_TALHAO_30;2026-05-18;TALHAO_30;FZ004;CUL006;ST002;72,70;70,70;76,90;38,70;20,09;0,67;83,52;88,21;-5,31
SAUDE_20260518_TALHAO_31;2026-05-18;TALHAO_31;FZ004;CUL007;ST002;69,20;65,10;71,00;16,11;5,80;0,86;149,51;167,99;-11,00
SAUDE_20260518_TALHAO_32;2026-05-18;TALHAO_32;FZ004;CUL008;ST002;60,30;61,50;63,90;8,01;3,78;1,52;43,48;49,68;-12,47
SAUDE_20260518_TALHAO_33;2026-05-18;TALHAO_33;FZ004;CUL001;ST002;77,70;76,70;69,00;6,40;2,34;0,05;61,52;62,03;-0,82
SAUDE_20260518_TALHAO_34;2026-05-18;TALHAO_34;FZ005;CUL002;ST001;93,80;96,80;99;12,27;0;0,23;123,12;123,64;-0,42
SAUDE_20260518_TALHAO_35;2026-05-18;TALHAO_35;FZ005;CUL003;ST002;79,80;74,60;80,20;6,34;1,11;0,01;54,65;56,02;-2,46
SAUDE_20260518_TALHAO_36;2026-05-18;TALHAO_36;FZ005;CUL004;ST002;63,00;61,50;67,10;3,29;1,21;0,52;39,90;43,03;-7,27
SAUDE_20260518_TALHAO_37;2026-05-18;TALHAO_37;FZ005;CUL005;ST002;62,00;69,30;52,40;3,19;1,75;0,74;46,62;51,10;-8,78
SAUDE_20260518_TALHAO_38;2026-05-18;TALHAO_38;FZ005;CUL006;ST001;81,50;88,80;91,30;7,98;2,02;0,36;87,62;89,67;-2,29
SAUDE_20260518_TALHAO_39;2026-05-18;TALHAO_39;FZ005;CUL007;ST002;76,90;69,90;82,70;13,30;2,79;0,33;162,10;168,42;-3,76
SAUDE_20260518_TALHAO_40;2026-05-18;TALHAO_40;FZ005;CUL008;ST002;66,70;61,30;74,50;12,65;6,64;1,39;41,05;46,22;-11,18
SAUDE_20260525_TALHAO_01;2026-05-25;TALHAO_01;FZ001;CUL001;ST002;67,90;61,70;64,90;232,90;132,29;15,09;62,15;64,89;-4,21
SAUDE_20260525_TALHAO_02;2026-05-25;TALHAO_02;FZ001;CUL002;ST001;86,00;93,10;78,80;68,84;14,85;3,48;120,82;126,50;-4,49
SAUDE_20260525_TALHAO_03;2026-05-25;TALHAO_03;FZ001;CUL003;ST001;93,30;91,70;99;63,09;0;2,40;59,95;57,78;3,76
SAUDE_20260525_TALHAO_04;2026-05-25;TALHAO_04;FZ001;CUL004;ST001;84,60;86,90;90,00;51,62;10,19;0,74;41,03;42,86;-4,28
SAUDE_20260525_TALHAO_05;2026-05-25;TALHAO_05;FZ001;CUL005;ST003;56,50;59,00;47,20;4,25;1,97;1,00;44,75;51,73;-13,50
SAUDE_20260525_TALHAO_06;2026-05-25;TALHAO_06;FZ001;CUL006;ST002;79,00;85,20;80,20;4,87;1,05;0,17;84,38;86,72;-2,70
SAUDE_20260525_TALHAO_07;2026-05-25;TALHAO_07;FZ001;CUL007;ST001;89,60;86,70;99;6,34;0,88;0,06;166,02;169,01;-1,77
SAUDE_20260525_TALHAO_08;2026-05-25;TALHAO_08;FZ001;CUL008;ST002;63,80;62,40;64,00;6,55;3,39;1,14;43,23;45,76;-5,54
SAUDE_20260525_TALHAO_09;2026-05-25;TALHAO_09;FZ001;CUL001;ST002;73,20;72,60;66,00;18,08;6,92;0,71;57,62;62,49;-7,80
SAUDE_20260525_TALHAO_10;2026-05-25;TALHAO_10;FZ001;CUL002;ST002;63,20;63,20;67,60;8,24;4,00;1,30;111,76;125,76;-11,14
SAUDE_20260525_TALHAO_11;2026-05-25;TALHAO_11;FZ001;CUL003;ST001;83,20;77,00;86,80;14,25;3,93;0,16;54,49;55,73;-2,24
SAUDE_20260525_TALHAO_12;2026-05-25;TALHAO_12;FZ001;CUL004;ST001;83,30;76,90;81,70;11,18;2,42;0,16;40,77;43,21;-5,66
SAUDE_20260525_TALHAO_13;2026-05-25;TALHAO_13;FZ001;CUL005;ST002;65,30;68,10;73,40;1,55;0,61;0,14;53,49;58,86;-9,13
SAUDE_20260525_TALHAO_14;2026-05-25;TALHAO_14;FZ002;CUL006;ST001;83,50;78,30;83,60;9,37;1,75;0,01;86,50;89,27;-3,10
SAUDE_20260525_TALHAO_15;2026-05-25;TALHAO_15;FZ002;CUL007;ST003;48,60;42,10;39,80;3,72;1,40;1,90;150,07;173,05;-13,28
SAUDE_20260525_TALHAO_16;2026-05-25;TALHAO_16;FZ002;CUL008;ST002;77,50;70,60;74,80;15,49;2,69;0,20;46,52;49,71;-6,42
SAUDE_20260525_TALHAO_17;2026-05-25;TALHAO_17;FZ002;CUL001;ST002;65,20;70,20;71,80;7,74;4,35;1,20;59,84;63,80;-6,22
SAUDE_20260525_TALHAO_18;2026-05-25;TALHAO_18;FZ002;CUL002;ST003;57,70;53,30;47,70;9,64;4,94;2,49;112,01;125,23;-10,56
SAUDE_20260525_TALHAO_19;2026-05-25;TALHAO_19;FZ002;CUL003;ST002;71,80;69,40;70,00;7,80;2,53;0,22;53,91;55,62;-3,08
SAUDE_20260525_TALHAO_20;2026-05-25;TALHAO_20;FZ002;CUL004;ST002;72,90;75,20;70,90;5,22;2,72;0,03;41,05;42,10;-2,48
SAUDE_20260525_TALHAO_21;2026-05-25;TALHAO_21;FZ002;CUL005;ST002;76,90;75,90;69,10;15,64;3,67;0,12;51,13;54,33;-5,89
SAUDE_20260525_TALHAO_22;2026-05-25;TALHAO_22;FZ002;CUL006;ST003;58,80;63,20;55,20;4,65;1,90;0,86;81,17;90,77;-10,57
SAUDE_20260525_TALHAO_23;2026-05-25;TALHAO_23;FZ003;CUL007;ST001;82,60;81,30;76,80;4,20;0,40;0,12;159,00;166,52;-4,51
SAUDE_20260525_TALHAO_24;2026-05-25;TALHAO_24;FZ003;CUL008;ST002;65,10;62,90;65,70;1,78;0,83;0,15;40,12;44,73;-10,30
SAUDE_20260525_TALHAO_25;2026-05-25;TALHAO_25;FZ003;CUL001;ST003;55,20;48,20;54,50;0,47;0,33;0,17;53,54;58,64;-8,70
SAUDE_20260525_TALHAO_26;2026-05-25;TALHAO_26;FZ003;CUL002;ST001;85,60;83,10;86,10;9,62;1,80;0,36;123,36;124,93;-1,25
SAUDE_20260525_TALHAO_27;2026-05-25;TALHAO_27;FZ003;CUL003;ST001;81,40;80,10;85,40;3,05;1,00;0,00;53,81;56,38;-4,56
SAUDE_20260525_TALHAO_28;2026-05-25;TALHAO_28;FZ003;CUL004;ST002;64,20;65,80;69,30;1,35;0,67;0,19;38,73;43,32;-10,58
SAUDE_20260525_TALHAO_29;2026-05-25;TALHAO_29;FZ003;CUL005;ST002;79,50;79,20;88,20;2,77;0,83;0,14;52,91;55,91;-5,38
SAUDE_20260525_TALHAO_30;2026-05-25;TALHAO_30;FZ004;CUL006;ST002;63,60;64,70;61,70;37,74;17,02;4,71;78,89;87,97;-10,32
SAUDE_20260525_TALHAO_31;2026-05-25;TALHAO_31;FZ004;CUL007;ST002;68,90;68,30;74,00;14,07;7,96;0,73;158,13;171,34;-7,71
SAUDE_20260525_TALHAO_32;2026-05-25;TALHAO_32;FZ004;CUL008;ST002;63,80;57,40;55,00;9,07;2,84;1,40;44,87;50,57;-11,27
SAUDE_20260525_TALHAO_33;2026-05-25;TALHAO_33;FZ004;CUL001;ST001;84,10;81,40;88,40;7,25;1,49;0,05;57,75;58,57;-1,40
SAUDE_20260525_TALHAO_34;2026-05-25;TALHAO_34;FZ005;CUL002;ST001;96;99;94,00;12,26;0;0,38;126,46;124,44;1,62
SAUDE_20260525_TALHAO_35;2026-05-25;TALHAO_35;FZ005;CUL003;ST002;78,70;76,40;68,40;5,73;1,56;0,16;49,57;53,96;-8,14
SAUDE_20260525_TALHAO_36;2026-05-25;TALHAO_36;FZ005;CUL004;ST002;63,50;61,50;71,20;3,56;0,88;0,58;39,68;44,48;-10,79
SAUDE_20260525_TALHAO_37;2026-05-25;TALHAO_37;FZ005;CUL005;ST002;60,80;59,50;64,50;3,10;1,75;0,84;49,54;55,25;-10,34
SAUDE_20260525_TALHAO_38;2026-05-25;TALHAO_38;FZ005;CUL006;ST001;81,30;75,70;75,60;8,57;1,48;0,31;88,66;91,83;-3,45
SAUDE_20260525_TALHAO_39;2026-05-25;TALHAO_39;FZ005;CUL007;ST001;80,90;80,30;77,30;14,11;2,04;0,26;170,81;173,63;-1,62
SAUDE_20260525_TALHAO_40;2026-05-25;TALHAO_40;FZ005;CUL008;ST002;62,20;69,60;72,10;11,67;6,67;2,33;47,14;50,17;-6,05
